Player,Team,Positions,AB,R,HR,RBI,SB,AVG,OBP,H,2B,3B,BB,SO,SLG,OPS,2026 proj Pts,2025 proj pts,Diff,hitter z,adp,diff,position,position rank,Frozen,32.41183208
Shohei Ohtani,LAD,"SP,DH",572,124,47,111,24,0.283,0.382,162,28,5,92,164,0.599,0.981,252,243,9,3.462694833,1,0,dh,1,y,139.7677165
Aaron Judge,NYY,"LF,CF,RF,DH",520,110,46,114,9,0.292,0.417,152,26,1,112,160,0.61,1.026,242,,242,3.154165529,3,-1,of,1,,
Juan Soto,NYM,"LF,RF",543,109,37,99,21,0.273,0.408,148,25,1,123,121,0.532,0.94,224,219,5,2.598812781,5,-2,of,2,y,
Bobby Witt Jr.,KC,SS,604,101,29,93,34,0.292,0.345,177,38,6,49,114,0.518,0.863,211,,211,2.197724685,2,2,ss,1,,
Kyle Schwarber,PHI,"LF,DH",556,98,42,103,6,0.231,0.346,129,20,1,98,189,0.497,0.844,211,199,12,2.197724685,33,-28,dh,2,y,
Vladimir Guerrero Jr.,TOR,"1B,DH",579,94,30,97,5,0.295,0.375,171,32,1,74,91,0.513,0.888,209,202,7,2.136018825,12,-6,1b,1,y,
Ronald Acuna Jr.,ATL,RF,540,106,30,80,25,0.282,0.384,152,25,2,88,131,0.504,0.888,202,,202,1.920048312,21,-14,of,3,,
Julio Rodriguez,SEA,CF,608,94,30,94,27,0.272,0.324,165,29,3,47,146,0.478,0.802,202,205,-3,1.920048312,17,-9,of,4,y,
Kyle Tucker,LAD,"RF,DH",530,95,30,93,21,0.27,0.368,143,28,2,82,91,0.5,0.867,202,204,-2,1.920048312,7,2,of,5,y,
Pete Alonso,BAL,1B,582,85,36,104,2,0.254,0.325,148,29,1,60,150,0.498,0.823,201,,201,1.889195381,31,-21,1b,2,y,
Gunnar Henderson,BAL,SS,583,98,27,87,23,0.273,0.347,159,33,4,67,140,0.483,0.83,200,203,-3,1.858342451,6,5,ss,2,y,
Junior Caminero,TB,3B,583,83,37,104,6,0.268,0.318,156,27,1,43,123,0.508,0.826,200,200,0,1.858342451,60,-48,3b,1,y,
Cal Raleigh,SEA,"C,DH",542,87,40,101,8,0.233,0.326,126,23,0,76,168,0.497,0.823,197,197,0,1.76578366,51,-38,ca,1,y,
Nick Kurtz,ATH,1B,515,91,37,94,3,0.261,0.347,134,27,2,69,174,0.527,0.874,197,195,2,1.76578366,336,-322,1b,3,y,
Brent Rooker,ATH,"LF,RF,DH",573,87,33,97,6,0.264,0.335,151,31,2,61,162,0.498,0.833,197,180,17,1.76578366,39,-24,of,6,y,
Jose Ramirez,CLE,"3B,DH",580,91,28,89,33,0.274,0.344,159,33,3,62,76,0.483,0.827,195,212,-17,1.704077799,4,12,3b,2,y,
Matt Olson,ATL,1B,581,88,30,94,1,0.252,0.342,147,31,1,80,161,0.466,0.807,194,185,9,1.673224868,25,-8,1b,4,y,
Rafael Devers,SF,"1B,DH",567,89,30,92,2,0.254,0.347,144,29,1,82,160,0.467,0.815,193,,193,1.642371938,23,-5,1b,5,,
Fernando Tatis Jr.,SD,RF,566,97,28,81,25,0.27,0.35,153,28,2,71,128,0.481,0.831,192,,192,1.611519007,13,6,of,7,,
Corbin Carroll,ARI,"CF,RF",538,98,25,81,33,0.259,0.339,140,27,10,65,128,0.493,0.832,191,201,-10,1.580666077,10,10,of,8,y,
Elly De La Cruz,CIN,SS,585,94,24,82,41,0.261,0.333,153,31,6,63,174,0.457,0.79,189,206,-17,1.518960216,9,12,ss,3,y,
Freddie Freeman,LAD,1B,556,86,23,88,8,0.28,0.355,156,35,2,66,119,0.472,0.826,189,,189,1.518960216,16,6,1b,6,y,
Ketel Marte,ARI,"2B,DH",536,89,27,84,5,0.275,0.355,148,29,2,67,101,0.49,0.845,187,191,-4,1.457254355,19,4,2b,1,y,
Jackson Chourio,MIL,"LF,CF,RF",584,88,24,84,24,0.271,0.316,158,34,4,40,128,0.463,0.779,185,199,-14,1.395548495,18,6,of,9,y,
Mookie Betts,LAD,SS,547,90,22,82,9,0.27,0.349,148,30,3,67,75,0.455,0.803,185,,185,1.395548495,8,17,ss,4,,
Bryce Harper,PHI,1B,535,83,27,87,10,0.272,0.362,146,32,1,76,134,0.488,0.85,184,,184,1.364695564,15,11,1b,7,,
Riley Greene,DET,"LF,CF,RF,DH",565,81,28,91,4,0.259,0.326,146,27,3,56,174,0.467,0.794,184,173,11,1.364695564,64,-37,of,10,y,
Francisco Lindor,NYM,SS,563,93,25,78,23,0.26,0.326,147,28,1,56,117,0.45,0.777,183,191,-8,1.333842634,11,17,ss,5,y,
Austin Riley,ATL,3B,574,82,28,88,2,0.262,0.319,150,29,2,48,163,0.47,0.788,182,,182,1.302989703,29,0,3b,3,,
Manny Machado,SD,3B,575,79,26,88,9,0.265,0.324,152,27,0,52,124,0.452,0.776,180,186,-6,1.241283842,27,3,3b,4,y,
Yordan Alvarez,HOU,"LF,DH",472,80,30,85,3,0.293,0.383,138,27,1,69,93,0.548,0.931,180,,180,1.241283842,14,17,dh,3,,
Vinnie Pasquantino,KC,"1B,DH",566,74,27,93,1,0.262,0.325,148,31,1,52,93,0.466,0.79,179,,179,1.210430912,66,-34,1b,8,,
Eugenio Suarez,CIN,3B,543,76,34,94,3,0.234,0.3,127,23,1,51,179,0.47,0.77,179,164,15,1.210430912,94,-61,3b,5,y,
James Wood,WSH,"LF,DH",550,83,26,82,16,0.26,0.348,143,31,2,74,184,0.463,0.811,177,,177,1.148725051,45,-11,of,11,,
Willy Adames,SF,SS,575,82,27,84,12,0.234,0.317,134,26,1,70,165,0.424,0.741,176,159,17,1.117872121,46,-11,ss,6,y,
Trea Turner,PHI,SS,579,89,18,71,27,0.282,0.328,164,29,4,41,116,0.44,0.768,175,,175,1.08701919,22,14,ss,7,y,
Pete Crow-Armstrong,CHC,CF,566,83,24,81,33,0.249,0.292,141,29,5,34,148,0.445,0.738,174,183,-9,1.05616626,98,-61,of,12,y,
Zach Neto,LAA,SS,562,86,27,77,27,0.253,0.306,142,31,1,43,153,0.453,0.759,174,,174,1.05616626,117,-79,ss,8,,
Bo Bichette,NYM,SS,573,77,18,80,6,0.287,0.333,164,32,2,40,101,0.441,0.774,172,,172,0.9944603991,79,-40,ss,9,,
Alex Bregman,CHC,3B,565,81,22,79,2,0.254,0.332,143,28,1,67,91,0.424,0.756,172,,172,0.9944603991,57,-17,3b,6,,
Taylor Ward,BAL,LF,556,79,27,83,5,0.242,0.322,134,26,2,65,154,0.441,0.762,172,,172,0.9944603991,108,-67,of,13,,
Josh Naylor,SEA,"1B,DH",544,73,22,86,17,0.265,0.326,144,28,0,50,90,0.437,0.763,171,,171,0.9636074686,47,-5,1b,9,,
Cody Bellinger,NYY,"LF,CF,RF",543,78,23,82,11,0.259,0.321,141,25,3,50,92,0.442,0.763,171,172,-1,0.9636074686,54,-11,of,14,y,
Wyatt Langford,TEX,"LF,CF",532,84,24,75,22,0.255,0.342,136,28,2,71,141,0.451,0.792,170,,170,0.9327545382,35,9,of,15,,
Jackson Merrill,SD,CF,556,77,22,80,8,0.269,0.318,150,31,4,40,116,0.46,0.779,170,,170,0.9327545382,24,21,of,16,,
Seiya Suzuki,CHC,"LF,RF,DH",524,75,25,83,7,0.256,0.336,134,26,3,63,150,0.46,0.796,169,,169,0.9019016078,55,-9,of,17,,
William Contreras,MIL,"C,DH",527,78,19,77,6,0.267,0.354,141,28,1,70,117,0.436,0.789,168,,168,0.8710486774,26,21,ca,2,,
Randy Arozarena,SEA,"LF,CF",569,84,23,75,24,0.233,0.312,133,27,1,65,170,0.404,0.716,168,,168,0.8710486774,75,-27,of,18,,
Teoscar Hernandez,LAD,"LF,RF",528,72,27,85,6,0.258,0.306,136,27,1,37,153,0.469,0.776,168,,168,0.8710486774,43,6,of,19,,
Yandy Diaz,TB,"1B,DH",556,77,20,75,2,0.286,0.352,159,28,1,58,94,0.445,0.797,168,,168,0.8710486774,116,-66,1b,10,,
Ian Happ,CHC,LF,552,81,22,77,8,0.241,0.338,133,30,1,80,151,0.419,0.756,168,,168,0.8710486774,68,-17,of,20,,
George Springer,TOR,"LF,CF,RF,DH",516,83,24,73,14,0.26,0.335,134,23,2,59,114,0.452,0.787,167,168,-1,0.8401957469,128,-76,of,21,y,
Matt Chapman,SF,3B,538,80,24,77,9,0.239,0.326,128,28,2,70,153,0.433,0.759,167,,167,0.8401957469,73,-20,3b,7,,
Spencer Torkelson,DET,1B,544,76,27,82,2,0.235,0.317,128,28,1,66,160,0.438,0.755,167,,167,0.8401957469,200,-146,1b,11,,
Roman Anthony,BOS,"LF,CF,RF",521,85,18,68,10,0.269,0.363,140,31,3,78,149,0.441,0.804,166,,166,0.8093428165,164,-109,of,22,,
Jarren Duran,BOS,"LF,CF",555,83,17,71,23,0.261,0.322,145,35,7,50,143,0.441,0.763,166,,166,0.8093428165,20,36,of,23,,
Michael Busch,CHC,1B,514,77,27,79,3,0.249,0.327,128,26,3,60,145,0.465,0.792,166,,166,0.8093428165,152,-95,1b,12,,
Jazz Chisholm Jr.,NYY,"2B,3B",518,78,28,78,31,0.241,0.314,125,19,2,56,154,0.446,0.76,165,194,-29,0.7784898861,28,30,2b/3b,1,y,
Geraldo Perdomo,ARI,SS,552,87,13,65,21,0.265,0.355,146,28,4,77,85,0.4,0.754,165,,165,0.7784898861,260,-201,ss,10,,
Corey Seager,TEX,SS,472,73,27,78,2,0.273,0.355,129,24,0,60,100,0.498,0.852,163,,163,0.7167840253,30,30,ss,11,,
Brandon Nimmo,TEX,"LF,CF",550,80,21,72,9,0.252,0.323,138,25,2,59,138,0.42,0.743,163,,163,0.7167840253,80,-19,of,24,,
Maikel Garcia,KC,"2B,3B,SS,OF",580,82,13,66,26,0.271,0.333,157,32,4,54,96,0.405,0.738,162,,162,0.6859310948,127,-65,3b,8,,
Tyler Soderstrom,ATH,"1B,LF",520,70,25,81,5,0.257,0.321,134,27,1,49,134,0.456,0.777,162,,162,0.6859310948,201,-138,1b/of,1,,
Hunter Goodman,COL,"C,DH",508,68,28,83,2,0.256,0.303,130,28,3,34,144,0.486,0.789,161,,161,0.6550781644,237,-173,ca,3,,
Christian Yelich,MIL,"LF,DH",516,75,20,75,16,0.259,0.339,133,22,1,64,141,0.417,0.757,161,,161,0.6550781644,67,-2,dh,4,,
Byron Buxton,MIN,CF,475,79,28,72,17,0.25,0.309,119,25,4,41,144,0.493,0.802,160,171,-11,0.624225234,143,-77,of,25,y,
Jose Altuve,HOU,"2B,LF,DH",553,78,20,70,12,0.264,0.325,146,26,1,51,106,0.423,0.748,160,,160,0.624225234,32,35,2b/of,1,,
Ezequiel Tovar,COL,SS,581,76,20,72,8,0.263,0.3,153,34,4,31,154,0.437,0.737,160,,160,0.624225234,87,-19,ss,12,,
Gleyber Torres,DET,2B,559,79,18,69,6,0.259,0.343,145,26,1,72,110,0.403,0.746,160,,160,0.624225234,114,-45,2b,2,,
Brice Turang,MIL,2B,570,81,15,66,29,0.259,0.328,148,25,3,59,132,0.385,0.712,159,,159,0.5933723036,78,-8,2b,3,,
CJ Abrams,WSH,SS,563,82,19,66,31,0.252,0.3,142,30,4,38,119,0.42,0.719,159,,159,0.5933723036,44,27,ss,13,,
Jo Adell,LAA,"CF,RF",515,68,31,83,9,0.236,0.289,121,22,2,39,153,0.463,0.752,159,,159,0.5933723036,226,-154,of,26,,
Andy Pages,LAD,"LF,CF,RF",525,72,23,77,10,0.257,0.304,135,28,2,36,127,0.45,0.755,159,,159,0.5933723036,275,-202,of,27,,
Dansby Swanson,CHC,SS,566,76,21,73,15,0.241,0.305,136,25,2,52,159,0.403,0.708,159,,159,0.5933723036,111,-37,ss,14,,
Salvador Perez,KC,"C,1B,DH",541,61,26,87,0,0.252,0.29,136,25,1,30,121,0.451,0.74,158,,158,0.5625193732,50,25,ca/1b,1,,
Bryan Reynolds,PIT,"LF,CF,RF,DH",564,73,19,74,5,0.254,0.32,143,29,3,55,152,0.417,0.737,158,,158,0.5625193732,52,24,of,28,,
Heliot Ramos,SF,"LF,CF,RF",550,74,21,73,6,0.255,0.312,140,24,2,46,145,0.423,0.735,158,,158,0.5625193732,125,-48,of,29,,
Jeremy Pena,HOU,SS,550,76,17,68,17,0.274,0.317,151,28,2,36,107,0.423,0.74,157,,157,0.5316664427,110,-32,ss,15,,
Trevor Story,BOS,SS,543,73,20,74,22,0.249,0.294,136,26,1,35,158,0.414,0.708,157,,157,0.5316664427,165,-86,ss,16,,
Shea Langeliers,ATH,C,472,69,28,78,5,0.254,0.31,120,25,1,39,118,0.491,0.802,156,,156,0.5008135123,85,-5,ca,4,,
Kyle Stowers,MIA,"LF,CF,RF",502,68,25,78,4,0.246,0.316,123,24,3,53,158,0.45,0.766,155,,155,0.4699605819,329,-248,of,30,,
Jacob Wilson,ATH,SS,533,71,12,67,6,0.297,0.336,158,31,1,31,48,0.424,0.76,154,,154,0.4391076515,236,-154,ss,17,,
Willson Contreras,BOS,1B,489,69,21,75,5,0.25,0.323,122,25,1,52,142,0.442,0.765,154,,154,0.4391076515,63,20,1b,13,,
Marcus Semien,NYM,2B,541,75,19,70,9,0.241,0.309,130,23,2,54,99,0.395,0.704,154,,154,0.4391076515,40,44,2b,4,,
Ben Rice,NYY,"C,1B,DH",463,71,26,73,4,0.246,0.323,114,23,2,53,113,0.472,0.795,153,169,-16,0.408254721,274,-189,ca/1b,2,y,
Christian Walker,HOU,1B,515,67,25,78,3,0.234,0.296,120,22,1,47,146,0.427,0.723,153,,153,0.408254721,49,37,1b,14,,
Adolis Garcia,PHI,RF,519,67,24,78,11,0.236,0.288,122,25,1,38,148,0.431,0.719,153,,153,0.408254721,76,11,of,31,,
Michael Harris II,ATL,CF,533,68,20,72,18,0.269,0.302,143,26,3,25,111,0.448,0.749,152,,152,0.3774017906,36,52,of,32,,
Steven Kwan,CLE,LF,581,81,10,56,18,0.275,0.341,160,27,3,58,59,0.379,0.719,152,,152,0.3774017906,72,17,of,33,,
Munetaka Murakami,CWS,"1B,3B",482,70,28,75,9,0.223,0.326,107,16,1,75,187,0.44,0.767,152,,152,0.3774017906,#N/A,#N/A,#N/A,1,,
Jonathan Aranda,TB,1B,490,69,20,71,1,0.264,0.338,129,24,1,56,139,0.433,0.771,151,,151,0.3465488602,210,-119,1b,15,,
Daulton Varsho,TOR,"LF,CF",491,70,25,74,8,0.225,0.286,110,22,3,42,139,0.435,0.721,151,,151,0.3465488602,213,-121,of,34,,
Lawrence Butler,ATH,"CF,RF",511,73,21,68,19,0.243,0.31,124,26,2,50,148,0.426,0.736,150,,150,0.3156959298,53,40,of,35,,
Ozzie Albies,ATL,2B,544,70,18,70,11,0.251,0.308,137,27,2,44,89,0.407,0.715,150,,150,0.3156959298,34,60,2b,5,,
Alec Burleson,STL,"1B,LF,RF,DH",527,65,20,73,6,0.272,0.323,143,25,1,40,82,0.436,0.76,150,,150,0.3156959298,121,-26,1b/of,2,,
Masyn Winn,STL,SS,569,74,14,64,12,0.253,0.305,144,29,3,42,112,0.387,0.692,149,,149,0.2848429994,104,-8,ss,18,,
Drake Baldwin,ATL,C,478,64,19,73,1,0.264,0.331,126,22,1,49,96,0.439,0.77,148,,148,0.2539900689,273,-176,ca,5,,
Alec Bohm,PHI,"1B,3B",521,64,14,72,3,0.274,0.322,143,27,2,37,89,0.417,0.739,148,,148,0.2539900689,82,16,3b,9,,
Jake Burger,TEX,1B,505,64,26,76,2,0.242,0.284,122,23,1,29,135,0.445,0.729,148,,148,0.2539900689,77,22,1b,16,,
Nico Hoerner,CHC,2B,570,75,7,57,26,0.278,0.326,159,28,3,40,59,0.376,0.702,146,,146,0.1922842081,83,17,2b,6,,
Ceddanne Rafaela,BOS,"2B,CF",529,71,17,65,20,0.255,0.289,135,29,4,26,121,0.416,0.706,146,,146,0.1922842081,119,-18,2b/of,2,,
Ivan Herrera,STL,"C,DH",474,67,18,67,9,0.271,0.348,128,22,1,56,107,0.432,0.78,146,,146,0.1922842081,167,-65,dh,5,,
Colson Montgomery,CWS,"3B,SS",506,66,24,73,3,0.22,0.286,111,20,2,48,168,0.406,0.692,146,,146,0.1922842081,,103,ss,19,,
Will Smith,LAD,C,424,68,19,67,2,0.261,0.348,110,21,1,57,96,0.454,0.802,145,,145,0.1614312777,58,46,ca,6,,
Brandon Lowe,PIT,2B,478,66,23,70,4,0.244,0.306,117,22,1,43,134,0.438,0.744,144,,144,0.1305783473,135,-30,2b,7,,
Kazuma Okamoto,TOR,"1B,3B",479,62,23,73,2,0.247,0.319,118,24,0,52,105,0.445,0.763,144,,144,0.1305783473,#N/A,#N/A,#N/A,2,,
Oneil Cruz,PIT,CF,475,70,22,65,28,0.235,0.317,112,22,3,56,161,0.435,0.752,143,,143,0.09972541683,42,65,of,36,,
Luis Arraez,SF,"1B,2B,DH",568,70,5,56,8,0.302,0.34,172,29,3,32,26,0.392,0.732,143,,143,0.09972541683,89,19,1b,17,,
Miguel Vargas,CWS,"1B,3B",504,70,17,64,7,0.236,0.317,119,28,2,60,107,0.403,0.72,143,,143,0.09972541683,299,-190,1b/3b,1,,
Adley Rutschman,BAL,C,492,66,17,66,1,0.252,0.336,124,25,1,62,89,0.415,0.751,142,,142,0.06887248641,37,73,ca,7,,
Mike Trout,LAA,"CF,RF,DH",433,67,24,66,3,0.236,0.342,102,17,2,70,155,0.452,0.793,141,,141,0.03801955599,61,50,of,37,,
Jorge Polanco,NYM,"2B,3B,DH",456,62,21,70,5,0.248,0.319,113,21,0,48,104,0.435,0.754,141,,141,0.03801955599,253,-141,2b,8,,
Trent Grisham,NYY,CF,447,71,24,63,5,0.222,0.323,99,17,1,67,131,0.422,0.745,141,,141,0.03801955599,,113,of,38,,
Andrew Vaughn,MIL,1B,495,59,19,73,1,0.252,0.305,125,25,1,39,107,0.42,0.725,141,,141,0.03801955599,182,-68,1b,18,,
Marcell Ozuna,PIT,DH,462,62,22,70,0,0.246,0.339,113,20,0,65,127,0.43,0.77,141,,141,0.03801955599,38,77,dh,6,,
Carlos Correa,HOU,"3B,SS",492,64,16,65,0,0.266,0.331,131,24,1,48,109,0.418,0.748,140,,140,0.00716662557,130,-14,3b/ss,1,,
Luis Robert Jr.,NYM,CF,480,66,20,65,30,0.236,0.293,113,20,1,40,147,0.406,0.699,139,,139,-0.02368630485,69,48,#N/A,3,,
Brenton Doyle,COL,CF,515,66,18,64,20,0.247,0.295,127,23,3,36,151,0.41,0.705,139,,139,-0.02368630485,59,59,of,39,,
Bryson Stott,PHI,"2B,SS",514,68,13,61,24,0.256,0.322,132,23,3,51,96,0.386,0.709,139,,139,-0.02368630485,93,26,2b,9,,
Kerry Carpenter,DET,"LF,RF,DH",438,61,23,70,2,0.255,0.301,112,19,3,30,113,0.472,0.774,139,,139,-0.02368630485,120,0,of,40,,
Nolan Schanuel,LAA,1B,510,69,13,58,6,0.263,0.346,134,23,1,65,81,0.39,0.736,139,,139,-0.02368630485,181,-60,1b,19,,
Wilyer Abreu,BOS,"LF,CF,RF",436,62,20,68,8,0.247,0.326,108,23,1,51,121,0.448,0.774,138,,138,-0.05453923527,179,-57,of,41,,
Xander Bogaerts,SD,SS,519,68,13,59,16,0.264,0.325,137,26,1,47,102,0.395,0.72,138,,138,-0.05453923527,86,37,ss,20,,
Nolan Arenado,ARI,3B,510,60,16,68,3,0.251,0.304,128,24,1,38,78,0.397,0.701,138,,138,-0.05453923527,105,19,3b,10,,
Yainer Diaz,HOU,"C,DH",489,58,19,68,1,0.272,0.303,133,24,1,22,89,0.442,0.745,137,152,-15,-0.08539216569,48,77,ca,8,,
Agustin Ramirez,MIA,"C,DH",474,63,19,66,13,0.245,0.301,116,26,1,38,102,0.424,0.725,137,,137,-0.08539216569,261,-135,ca,9,,
Daylen Lile,WSH,"LF,RF",500,66,11,60,14,0.267,0.315,133,26,8,36,98,0.417,0.732,137,,137,-0.08539216569,#N/A,#N/A,of,42,,
Ramon Laureano,SD,"LF,CF,RF",463,64,19,65,8,0.248,0.303,115,22,3,37,135,0.432,0.735,137,,137,-0.08539216569,,128,of,43,,
Luke Keaschall,MIN,2B,475,67,11,58,24,0.267,0.337,127,26,2,51,91,0.4,0.737,136,,136,-0.1162450961,,129,2b,10,,
Dylan Crews,WSH,"CF,RF",510,66,16,62,25,0.239,0.294,122,21,4,40,124,0.392,0.686,136,,136,-0.1162450961,84,46,of,44,,
Matt McLain,CIN,2B,497,69,17,59,17,0.235,0.308,117,23,2,53,157,0.394,0.701,136,,136,-0.1162450961,70,61,2b,11,,
Brendan Donovan,SEA,"2B,SS,LF",502,67,12,57,5,0.269,0.333,135,27,1,48,77,0.403,0.736,136,,136,-0.1162450961,134,-2,2b,12,,
Otto Lopez,MIA,"2B,SS",525,64,12,61,16,0.264,0.315,139,25,3,39,86,0.39,0.705,136,,136,-0.1162450961,228,-95,2b/ss,1,,
TJ Friedl,CIN,"LF,CF",513,71,14,56,12,0.244,0.323,125,21,3,60,100,0.375,0.698,136,,136,-0.1162450961,157,-23,of,45,,
Josh Bell,MIN,"1B,DH",480,61,20,66,1,0.248,0.327,119,21,1,56,101,0.418,0.744,136,,136,-0.1162450961,185,-50,1b,20,,
Addison Barger,TOR,"3B,LF,RF",454,61,19,66,4,0.243,0.306,110,26,1,41,119,0.43,0.736,135,,135,-0.1470980265,,136,3b/of,1,,
Sal Stewart,CIN,1B,440,60,18,65,7,0.266,0.325,117,24,0,38,93,0.446,0.771,135,,135,-0.1470980265,#N/A,#N/A,dh,7,,
Jung Hoo Lee,SF,CF,517,66,9,57,9,0.27,0.327,140,29,6,44,63,0.403,0.73,135,,135,-0.1470980265,145,-7,of,46,,
Kyle Manzardo,CLE,"1B,DH",451,57,23,69,2,0.238,0.313,107,23,1,50,119,0.444,0.757,134,,134,-0.177950957,216,-77,1b,21,,
Ernie Clement,TOR,"1B,2B,3B,SS",525,65,10,58,8,0.267,0.299,140,28,2,25,58,0.387,0.686,134,,134,-0.177950957,287,-147,2b/3b/ss,1,,
Jakob Marsee,MIA,"LF,CF",497,71,13,54,33,0.234,0.322,117,23,4,65,124,0.37,0.692,133,,133,-0.2088038874,#N/A,#N/A,of,47,,
Jordan Beck,COL,"LF,RF",501,63,16,61,16,0.249,0.31,125,25,4,44,156,0.412,0.722,133,,133,-0.2088038874,321,-179,of,48,,
Mickey Moniak,COL,"LF,CF,RF",435,60,20,64,9,0.261,0.3,114,21,5,24,116,0.472,0.772,133,,133,-0.2088038874,,143,of,49,,
Jake Cronenworth,SD,"1B,2B,SS",501,65,13,60,4,0.235,0.319,118,25,2,62,114,0.376,0.695,133,,133,-0.2088038874,153,-9,2b,13,,
Isaac Paredes,HOU,3B,427,60,20,64,1,0.243,0.332,104,19,1,56,83,0.432,0.763,132,,132,-0.2396568178,101,44,3b,11,,
Colt Keith,DET,"1B,2B,3B,DH",453,63,15,59,3,0.261,0.327,118,22,3,44,105,0.421,0.748,132,,132,-0.2396568178,142,4,2b/3b,2,,
Xavier Edwards,MIA,"2B,SS",529,70,4,46,27,0.28,0.342,148,23,4,49,81,0.359,0.701,130,,130,-0.3013626786,97,50,2b/ss,2,,
Royce Lewis,MIN,3B,459,57,19,65,11,0.246,0.302,113,23,0,37,107,0.425,0.726,130,,130,-0.3013626786,74,74,3b,12,,
Luis Garcia,WSH,2B,466,58,15,62,14,0.269,0.31,125,24,2,28,78,0.426,0.736,130,,130,-0.3013626786,81,68,2b,14,,
Ryan O'Hearn,PIT,"1B,LF,RF,DH",460,61,14,59,3,0.265,0.333,122,23,1,47,97,0.412,0.745,130,,130,-0.3013626786,233,-83,1b/of,3,,
Jackson Holliday,BAL,"2B,SS",454,68,14,52,13,0.25,0.327,113,21,2,51,111,0.4,0.726,129,,129,-0.3322156091,118,33,2b,15,,
Colton Cowser,BAL,"LF,CF,RF",436,61,19,61,13,0.231,0.306,101,21,1,47,156,0.418,0.723,129,,129,-0.3322156091,103,49,of,50,,
Jeff McNeil,ATH,"2B,LF,CF,RF",479,61,12,58,4,0.262,0.322,125,26,3,43,67,0.404,0.727,129,,129,-0.3322156091,207,-54,2b/of,3,,
J.P. Crawford,SEA,SS,512,65,11,55,5,0.242,0.33,124,24,1,68,112,0.356,0.686,129,,129,-0.3322156091,248,-94,ss,21,,
Noelvi Marte,CIN,"3B,RF",459,60,16,59,14,0.253,0.3,116,22,2,31,110,0.412,0.712,128,,128,-0.3630685395,205,-50,3b/of,2,,
Matt Wallner,MIN,"LF,RF",409,59,22,63,5,0.23,0.313,94,21,2,49,144,0.453,0.766,128,,128,-0.3630685395,194,-38,of,51,,
Jac Caglianone,KC,"1B,RF",435,57,19,62,3,0.245,0.305,107,19,1,37,106,0.429,0.734,127,,127,-0.3939214699,,157,of,52,,
Andres Gimenez,TOR,"2B,SS",510,62,11,56,20,0.247,0.292,126,23,2,32,98,0.368,0.66,127,,127,-0.3939214699,102,56,2b,16,,
Nolan Gorman,STL,"2B,3B,DH",452,57,21,64,3,0.215,0.294,97,18,1,50,163,0.401,0.695,127,,127,-0.3939214699,180,-21,2b/3b,3,,
Sal Frelick,MIL,"LF,CF,RF",479,63,8,52,16,0.265,0.325,127,21,3,42,74,0.374,0.699,126,,126,-0.4247744003,235,-75,of,53,,
Josh Jung,TEX,3B,481,56,17,62,4,0.248,0.29,119,23,1,29,131,0.405,0.696,126,,126,-0.4247744003,131,30,3b,13,,
Brooks Lee,MIN,"2B,3B,SS",500,56,14,60,4,0.246,0.295,123,23,1,35,93,0.381,0.676,125,,125,-0.4556273308,251,-89,2b/3b/ss,2,,
Alejandro Kirk,TOR,C,427,52,14,62,1,0.27,0.343,115,19,0,47,59,0.421,0.764,124,,124,-0.4864802612,196,-33,ca,10,,
Max Muncy,LAD,3B,366,57,20,61,3,0.224,0.339,82,15,1,63,106,0.438,0.777,124,,124,-0.4864802612,115,49,2b/3b,4,,
Caleb Durbin,BOS,"2B,3B",467,61,10,54,21,0.257,0.308,120,25,2,35,56,0.382,0.69,124,,124,-0.4864802612,215,-50,3b,14,,
Joey Ortiz,MIL,SS,494,61,10,54,13,0.244,0.3,121,25,3,39,93,0.371,0.67,124,,124,-0.4864802612,169,-3,#N/A,4,,
Willi Castro,COL,"2B,3B,LF,RF",453,64,12,50,14,0.254,0.316,115,22,4,41,115,0.402,0.718,123,,123,-0.5173331916,141,26,2b/3b/of,1,,
Spencer Horwitz,PIT,1B,423,58,11,54,2,0.264,0.346,112,26,1,53,85,0.407,0.753,122,,122,-0.548186122,224,-56,1b,22,,
Jorge Soler,LAA,"RF,DH",419,56,21,60,1,0.226,0.307,95,19,0,49,129,0.423,0.73,122,,122,-0.548186122,139,30,of,54,,
Mark Vientos,NYM,"3B,DH",413,52,19,62,1,0.243,0.299,100,19,1,33,119,0.435,0.734,121,,121,-0.5790390524,65,105,3b,15,,
Brandon Marsh,PHI,"LF,CF",420,58,13,54,11,0.256,0.329,107,21,3,46,133,0.412,0.741,121,,121,-0.5790390524,173,-2,of,55,,
Ryan Jeffers,MIN,"C,DH",436,56,15,57,2,0.245,0.317,107,23,1,46,103,0.406,0.723,121,,121,-0.5790390524,156,16,ca,11,,
JJ Wetherholt,STL,"2B,3B,SS",447,60,11,51,13,0.25,0.324,112,22,1,50,90,0.376,0.7,120,,120,-0.6098919829,,173,#N/A,5,,
Jonathan India,KC,"2B,3B,LF,DH",451,62,12,50,6,0.245,0.324,110,24,1,52,98,0.383,0.707,120,,120,-0.6098919829,133,41,2b/3b/of,2,,
Kevin McGonigle,DET,SS,407,58,13,52,9,0.258,0.331,105,23,3,46,68,0.422,0.754,119,,119,-0.6407449133,#N/A,#N/A,#N/A,6,,
Lars Nootbaar,STL,"LF,CF,RF",432,60,14,51,5,0.243,0.334,105,21,2,59,101,0.402,0.736,119,,119,-0.6407449133,159,17,of,56,,
Andrew Benintendi,CWS,"LF,DH",444,54,16,57,3,0.248,0.313,110,20,1,42,85,0.401,0.714,119,,119,-0.6407449133,229,-52,of,57,,
Jordan Westburg,BAL,"2B,3B",379,56,17,54,4,0.261,0.308,99,19,2,26,93,0.458,0.766,118,,118,-0.6715978437,62,116,3b,16,,
Konnor Griffin,PIT,"SS,CF",393,58,11,51,21,0.257,0.303,101,18,2,27,110,0.394,0.697,117,,117,-0.7024507741,#N/A,#N/A,#N/A,7,,
J.T. Realmuto,PHI,C,434,55,14,54,7,0.252,0.301,109,21,2,31,115,0.408,0.71,117,,117,-0.7024507741,95,85,ca,12,,
Giancarlo Stanton,NYY,"LF,RF,DH",360,47,24,65,0,0.228,0.301,82,13,0,39,128,0.464,0.765,117,,117,-0.7024507741,161,20,of,58,,
Chase Meidroth,CWS,"2B,3B,SS",469,64,7,43,13,0.253,0.335,119,19,1,58,82,0.345,0.681,117,,117,-0.7024507741,,182.00,2b/ss,3,,
Harrison Bader,SF,"LF,CF,RF",443,57,14,52,14,0.246,0.295,109,19,2,31,116,0.389,0.684,117,,117,-0.7024507741,322,-139,of,59,,
Gabriel Moreno,ARI,C,386,52,11,54,4,0.277,0.346,107,20,1,41,73,0.416,0.762,116,,116,-0.7333037045,136,48,ca,13,,
Connor Norby,MIA,3B,433,56,14,53,9,0.244,0.298,106,22,2,33,125,0.399,0.697,116,,116,-0.7333037045,160,25,3b,17,,
Jordan Walker,STL,"LF,RF",463,53,14,55,9,0.235,0.293,109,23,2,38,134,0.385,0.679,115,,115,-0.764156635,172,14,of,60,,
Josh Smith,TEX,"1B,3B,SS,LF,RF",450,61,10,46,9,0.245,0.317,110,22,2,48,98,0.368,0.685,115,,115,-0.764156635,227,-40,#N/A,8,,
Austin Hays,CWS,"LF,DH",420,54,14,54,6,0.246,0.297,103,22,2,31,113,0.411,0.707,115,,115,-0.764156635,265,-77,of,61,,
Samuel Basallo,BAL,C,381,50,19,57,3,0.242,0.304,92,19,1,34,104,0.441,0.745,114,,114,-0.7950095654,232,-43,ca,14,,
Josh Lowe,LAA,"LF,CF,RF",432,56,14,51,21,0.24,0.302,104,23,2,38,128,0.402,0.704,114,,114,-0.7950095654,107,83,#N/A,9,,
Ryan McMahon,NYY,3B,428,54,17,54,3,0.216,0.302,92,18,1,54,153,0.377,0.679,114,,114,-0.7950095654,162,29,3b,18,,
Francisco Alvarez,NYM,C,373,50,20,57,1,0.235,0.306,88,15,1,39,110,0.435,0.741,113,,113,-0.8258624958,106,86,ca,15,,
Evan Carter,TEX,"LF,CF,RF",402,58,12,48,20,0.24,0.318,96,18,3,47,103,0.391,0.709,113,,113,-0.8258624958,163,30,of,62,,
Gavin Sheets,SD,"1B,LF,RF,DH",427,49,15,57,2,0.24,0.302,103,22,1,38,94,0.397,0.7,113,,113,-0.8258624958,,194,of,63,,
Spencer Steer,CIN,"1B,LF",387,51,14,54,7,0.238,0.313,92,19,1,42,93,0.406,0.719,112,,112,-0.8567154262,56,139,1b,23,,
Austin Wells,NYY,C,390,49,18,57,4,0.225,0.291,87,19,1,37,109,0.414,0.705,112,,112,-0.8567154262,129,67,ca,16,,
Cam Smith,HOU,RF,427,55,11,50,7,0.242,0.306,103,20,3,40,123,0.378,0.685,112,,112,-0.8567154262,,197,of,64,,
Mike Yastrzemski,ATL,"LF,CF,RF",403,55,15,51,4,0.229,0.315,92,20,2,50,106,0.41,0.725,112,,112,-0.8567154262,257,-59,of,65,,
Brady House,WSH,3B,464,50,13,54,6,0.242,0.278,112,21,1,23,136,0.374,0.652,112,,112,-0.8567154262,,199,3b,19,,
Cedric Mullins II,TB,CF,407,54,14,51,20,0.225,0.296,92,19,2,42,103,0.382,0.678,111,,111,-0.8875683566,124,76,#N/A,10,,
Brett Baty,NYM,"2B,3B",398,51,16,52,5,0.243,0.306,97,15,1,36,107,0.409,0.716,110,,110,-0.9184212871,263,-62,2b/3b,5,,
Tommy Edman,LAD,"2B,3B,CF",402,53,12,49,8,0.244,0.294,98,19,2,29,77,0.393,0.687,109,,109,-0.9492742175,113,89,2b/of,4,,
Anthony Volpe,NYY,SS,413,53,13,49,17,0.229,0.288,95,21,3,35,111,0.389,0.677,108,,108,-0.9801271479,88,115,ss,22,,
Jesus Sanchez,TOR,"LF,CF,RF",374,51,14,50,9,0.246,0.309,92,18,2,35,98,0.42,0.729,108,,108,-0.9801271479,197,7,of,66,,
Trevor Larnach,MIN,"LF,RF,DH",380,50,13,50,3,0.246,0.324,94,18,1,43,100,0.408,0.731,107,,107,-1.010980078,238,-33,of,67,,
Chase DeLauter,CLE,"CF,RF",406,50,13,49,3,0.245,0.314,99,21,1,41,82,0.394,0.708,106,,106,-1.041833009,242,-36,#N/A,11,,
Tyler Stephenson,CIN,C,379,48,14,52,1,0.236,0.311,89,18,1,42,119,0.399,0.711,106,,106,-1.041833009,100,107,ca,17,,
Ke'Bryan Hayes,CIN,3B,461,51,9,47,10,0.242,0.294,112,19,2,34,100,0.352,0.646,106,,106,-1.041833009,208,0,3b,20,,
Logan O'Hoppe,LAA,C,409,47,18,52,2,0.231,0.284,94,14,1,30,126,0.408,0.692,105,,105,-1.072685939,96,113,ca,18,,
Tyler O'Neill,BAL,"LF,RF",344,48,18,51,5,0.233,0.312,80,14,1,40,110,0.439,0.751,105,,105,-1.072685939,112,98,of,68,,
Bo Naylor,CLE,C,384,50,16,50,4,0.218,0.3,84,19,1,46,107,0.394,0.694,105,,105,-1.072685939,203,8,ca,19,,
Victor Scott,STL,CF,463,57,7,41,34,0.223,0.285,103,18,3,40,114,0.319,0.604,104,,104,-1.10353887,220,-8,#N/A,12,,
Jake Meyers,HOU,CF,407,53,9,43,13,0.25,0.31,102,19,2,36,93,0.373,0.683,104,,104,-1.10353887,310,-97,of,69,,
Jared Triolo,PIT,"1B,2B,3B,SS",418,53,8,43,12,0.243,0.32,101,20,2,48,106,0.361,0.681,104,,104,-1.10353887,,214,1b/3b/ss,1,,
Brayan Rocchio,CLE,"2B,SS",425,51,9,46,12,0.235,0.296,100,22,2,37,87,0.356,0.652,104,,104,-1.10353887,304,-89,2b/ss,4,,
Dominic Canzone,SEA,"LF,RF",374,46,15,51,4,0.243,0.3,91,17,1,30,94,0.415,0.715,103,,103,-1.1343918,#N/A,#N/A,of,70,,
Joc Pederson,TEX,DH,337,48,16,49,3,0.232,0.321,78,14,1,45,89,0.43,0.751,103,,103,-1.1343918,183,34,dh,8,,
Lourdes Gurriel Jr.,ARI,LF,367,44,12,51,6,0.263,0.308,97,18,1,24,64,0.423,0.731,103,,103,-1.1343918,123,95,#N/A,13,,
Justin Crawford,PHI,CF,392,54,6,39,22,0.27,0.323,106,19,3,32,92,0.373,0.696,102,,102,-1.16524473,,219,#N/A,14,,
Dillon Dingler,DET,C,381,45,13,50,1,0.248,0.297,95,19,2,27,103,0.403,0.699,102,,102,-1.16524473,318,-98,ca,20,,
Marcelo Mayer,BOS,"2B,3B",383,49,11,46,6,0.243,0.3,93,22,2,30,98,0.401,0.701,102,,102,-1.16524473,290,-69,3b,21,,
Isaac Collins,KC,"LF,RF",368,51,8,44,15,0.242,0.332,89,19,3,49,87,0.375,0.708,102,,102,-1.16524473,#N/A,#N/A,of,71,,
Gavin Lux,TB,"2B,3B,LF,DH",399,50,7,43,3,0.253,0.33,101,22,2,46,99,0.369,0.699,101,,101,-1.196097661,206,17,of,72,,
Parker Meadows,DET,CF,380,52,11,42,12,0.229,0.301,87,15,5,39,106,0.379,0.68,100,,100,-1.226950591,132,92,of,73,,
Lane Thomas,KC,"CF,RF",363,48,12,46,14,0.234,0.296,85,18,2,33,105,0.394,0.691,100,,100,-1.226950591,109,116,of,74,,
Pavin Smith,ARI,"1B,DH",360,47,12,47,2,0.235,0.33,84,18,1,51,104,0.389,0.719,100,,100,-1.226950591,288,-62,1b,24,,
Patrick Bailey,SF,C,426,47,9,47,2,0.224,0.284,95,19,2,36,124,0.34,0.624,100,,100,-1.226950591,204,23,ca,21,,
Bryce Eldridge,SF,"1B,DH",356,41,15,52,1,0.233,0.299,83,16,0,33,117,0.409,0.707,99,,99,-1.257803522,272,-44,dh,9,,
Wenceel Perez,DET,"CF,RF",376,49,11,44,10,0.239,0.3,90,17,4,33,88,0.394,0.695,99,,99,-1.257803522,335,-106,of,75,,
Chandler Simpson,TB,"LF,CF",416,54,1,33,41,0.284,0.325,118,15,3,25,48,0.344,0.669,98,,98,-1.288656452,279,-49,of,76,,
Jordan Lawlar,ARI,3B,377,50,9,42,15,0.238,0.304,90,21,3,36,111,0.383,0.687,98,,98,-1.288656452,193,38,dh,10,,
Owen Caissie,MIA,"CF,RF",368,46,12,46,4,0.236,0.312,87,19,2,41,129,0.396,0.707,98,,98,-1.288656452,,232,dh,11,,
Carter Jensen,KC,C,331,45,12,46,4,0.248,0.322,82,16,2,38,96,0.412,0.734,97,,97,-1.319509383,#N/A,#N/A,dh,12,,
Dylan Beavers,BAL,"LF,RF",343,49,12,42,11,0.242,0.332,83,16,2,46,94,0.403,0.735,97,,97,-1.319509383,#N/A,#N/A,of,77,,
Kyle Teel,CWS,C,350,47,11,42,5,0.249,0.331,87,15,1,44,103,0.386,0.717,96,,96,-1.350362313,334,-99,ca,22,,
Gabriel Arias,CLE,"2B,SS",403,45,12,45,9,0.227,0.276,92,20,2,27,134,0.372,0.647,96,,96,-1.350362313,#N/A,#N/A,2b/ss,5,,
Kyle Isbel,KC,CF,399,50,7,40,9,0.239,0.289,95,18,4,28,85,0.361,0.65,96,,96,-1.350362313,,237,of,78,,
Lenyn Sosa,CWS,"1B,2B",376,40,13,48,2,0.25,0.282,94,16,1,16,86,0.405,0.687,95,,95,-1.381215243,317,-79,1b/2b,1,,
Edgar Quero,CWS,"C,DH",386,43,9,44,1,0.254,0.322,98,17,0,39,80,0.369,0.691,95,,95,-1.381215243,320,-81,ca,23,,
Carlos Narvaez,BOS,C,361,44,12,45,3,0.228,0.303,83,18,0,39,107,0.373,0.676,94,,94,-1.412068174,#N/A,#N/A,ca,24,,
Luis Rengifo,MIL,"2B,3B,OF",392,45,9,42,11,0.251,0.3,99,15,2,28,77,0.368,0.668,94,,94,-1.412068174,122,119,2b/3b,6,,
Yoan Moncada,LAA,3B,347,44,13,44,1,0.239,0.311,83,17,1,36,105,0.405,0.716,94,,94,-1.412068174,,242,3b,22,,
Carson Williams,TB,SS,349,46,14,44,11,0.21,0.277,73,13,3,32,134,0.377,0.654,94,,94,-1.412068174,,243,ss,23,,
Nick Castellanos,SD,RF,336,41,11,45,3,0.249,0.294,84,16,1,21,84,0.406,0.7,92,,92,-1.473774035,90,154,of,79,,
Nick Gonzales,PIT,"2B,SS",361,44,7,41,2,0.26,0.307,94,21,3,25,80,0.396,0.703,92,,92,-1.473774035,249,-4,2b,17,,
Rhys Hoskins,CLE,1B,327,41,14,46,2,0.221,0.308,72,14,1,41,101,0.401,0.709,92,,92,-1.473774035,149,97,1b,25,,
Christopher Morel,MIA,LF,329,43,14,44,7,0.223,0.297,73,15,2,35,110,0.408,0.705,92,,92,-1.473774035,155,92,of,80,,
Alek Thomas,ARI,CF,368,45,9,41,7,0.242,0.286,89,18,3,23,91,0.378,0.664,92,,92,-1.473774035,333,-85,of,81,,
Zach McKinstry,DET,"3B,SS,LF,RF",358,48,8,37,13,0.238,0.302,85,16,5,34,86,0.372,0.675,91,,91,-1.504626965,286,-37,3b/ss/of,1,,
Freddy Fermin,SD,C,389,43,9,41,2,0.242,0.292,94,15,1,28,84,0.353,0.645,91,,91,-1.504626965,285,-35,ca,25,,
Sean Murphy,ATL,C,314,41,15,45,0,0.219,0.3,69,13,0,35,97,0.411,0.71,90,,90,-1.535479895,140,111,ca,26,,
Carson Benge,NYM,CF,330,45,9,39,8,0.237,0.308,78,15,2,33,79,0.38,0.689,89,,89,-1.566332826,#N/A,#N/A,#N/A,15,,
George Valera,CLE,"LF,RF,DH",341,43,12,41,2,0.224,0.302,76,15,1,38,107,0.381,0.683,89,,89,-1.566332826,#N/A,#N/A,dh,13,,
Paul Goldschmidt,NYY,1B,319,42,11,40,4,0.249,0.312,79,16,0,29,81,0.405,0.717,88,,88,-1.597185756,99,155,1b,26,,
Mauricio Dubon,ATL,"2B,3B,SS,LF,CF",373,43,6,38,3,0.256,0.295,96,19,1,20,50,0.362,0.657,88,,88,-1.597185756,221,34,2b/3b/ss/of,1,,
Jake McCarthy,COL,"LF,CF,RF",331,46,6,34,15,0.267,0.317,89,14,4,24,60,0.394,0.712,87,,87,-1.628038687,151,105,of,82,,
Carson Kelly,CHC,C,321,40,12,42,2,0.235,0.309,75,12,1,34,73,0.389,0.698,87,,87,-1.628038687,283,-26,ca,27,,
Javier Baez,DET,"2B,3B,SS,CF",348,40,9,42,5,0.235,0.264,82,15,1,14,90,0.365,0.63,87,,87,-1.628038687,311,-53,3b/ss/of,2,,
Max Muncy,ATH,"2B,3B,SS",335,39,10,42,4,0.238,0.287,80,17,1,23,104,0.387,0.674,86,,86,-1.658891617,115,144,2b/3b,7,,
Moises Ballesteros,CHC,"C,DH",310,37,9,41,1,0.262,0.323,81,15,1,28,60,0.4,0.723,85,,85,-1.689744548,,260,dh,14,,
Ha-Seong Kim,ATL,"2B,SS",322,43,8,36,14,0.241,0.323,78,14,1,39,67,0.365,0.688,85,,85,-1.689744548,170,91,ss,24,,
Christian Moore,LAA,2B,336,41,11,38,6,0.227,0.297,76,12,2,33,112,0.369,0.666,84,,84,-1.720597478,328,-66,2b,18,,
Joey Loperfido,HOU,"LF,CF,RF",321,40,9,39,7,0.234,0.286,75,15,2,23,99,0.377,0.663,84,,84,-1.720597478,267,-4,of,83,,
Luisangel Acuna,CWS,2B,361,45,5,32,22,0.247,0.292,89,15,2,23,72,0.339,0.631,83,,83,-1.751450408,211,53,2b,19,,
Miguel Andujar,SD,"3B,LF,DH",319,36,8,40,2,0.269,0.31,86,15,1,19,51,0.401,0.71,83,,83,-1.751450408,,265,3b/of,3,,
Garrett Mitchell,MIL,"CF,RF",318,43,9,35,13,0.234,0.307,74,14,3,33,104,0.378,0.684,83,,83,-1.751450408,195,71,of,84,,
Brooks Baldwin,CWS,"2B,3B,SS,LF,CF,RF",319,38,11,39,7,0.247,0.298,79,14,1,23,80,0.405,0.703,83,,83,-1.751450408,,267,of,85,,
JJ Bleday,CIN,"LF,CF,RF",288,39,13,40,2,0.228,0.312,66,15,1,35,76,0.421,0.733,83,,83,-1.751450408,154,114,#N/A,16,,
Carlos Santana,ARI,1B,318,38,10,40,3,0.222,0.304,70,13,0,38,67,0.358,0.662,83,,83,-1.751450408,178,91,1b,27,,
Cole Young,SEA,2B,331,41,7,36,5,0.234,0.311,77,16,2,37,65,0.354,0.664,82,,82,-1.782303339,,270,2b,20,,
Denzel Clarke,ATH,CF,333,43,8,34,13,0.228,0.286,76,16,3,27,118,0.365,0.652,82,,82,-1.782303339,,271,of,86,,
Jake Fraley,TB,"LF,RF",319,40,8,36,11,0.241,0.311,77,15,1,32,74,0.37,0.681,82,,82,-1.782303339,246,26,of,87,,
Zach Cole,HOU,"LF,CF,RF",294,39,11,38,9,0.213,0.282,63,13,3,28,128,0.387,0.669,81,,81,-1.813156269,#N/A,#N/A,dh,15,,
Edouard Julien,COL,"1B,2B",302,40,9,34,4,0.243,0.343,73,14,1,46,102,0.385,0.728,80,,80,-1.8440092,327,-53,1b/2b,2,,
Luke Raley,SEA,"1B,LF,CF,RF",290,38,12,38,5,0.222,0.281,64,13,1,24,98,0.391,0.672,80,,80,-1.8440092,199,76,1b/of,4,,
Heriberto Hernandez,MIA,"LF,RF,DH",290,37,11,39,3,0.223,0.303,65,13,1,33,98,0.387,0.691,80,,80,-1.8440092,#N/A,#N/A,of,88,,
Victor Caratini,MIN,"C,1B,DH",303,35,9,38,1,0.252,0.31,76,12,0,26,61,0.384,0.694,79,,79,-1.87486213,,277,ca,28,,
Danny Jansen,TEX,C,285,37,13,38,1,0.212,0.299,61,12,0,35,77,0.39,0.689,79,,79,-1.87486213,239,39,ca,29,,
Davis Schneider,TOR,"2B,LF",270,38,12,37,4,0.217,0.316,59,12,1,39,90,0.4,0.716,79,,79,-1.87486213,295,-16,2b/of,5,,
Griffin Conine,MIA,"LF,RF",299,36,11,38,1,0.221,0.295,66,13,1,31,110,0.375,0.67,78,,78,-1.905715061,,280.00,of,89,,
Nathan Lukes,TOR,"LF,CF,RF",283,37,6,35,3,0.262,0.324,74,14,1,26,49,0.39,0.714,78,,78,-1.905715061,,281,of,90,,
Keibert Ruiz,WSH,C,328,32,8,39,2,0.247,0.284,81,15,0,17,39,0.369,0.653,77,,77,-1.936567991,146,136,ca,30,,
Tyler Freeman,COL,"2B,RF,DH",283,40,5,30,13,0.275,0.334,78,15,1,25,42,0.39,0.724,77,,77,-1.936567991,,283,of,91,,
Matt Shaw,CHC,3B,265,37,9,33,11,0.242,0.311,64,12,2,26,59,0.4,0.711,75,,75,-1.998273852,144,140,3b,23,,
Jose Caballero,NYY,"2B,3B,SS,LF,RF",291,41,6,29,33,0.223,0.301,65,13,1,32,82,0.337,0.638,74,,74,-2.029126782,171,114,2b/3b/ss/of,2,,
Pedro Pages,STL,C,315,33,9,36,1,0.226,0.278,71,13,1,23,90,0.36,0.639,73,,73,-2.059979713,,286,ca,31,,
Nasim Nunez,WSH,"2B,SS",314,39,4,28,26,0.228,0.303,72,10,1,34,81,0.307,0.61,72,,72,-2.090832643,#N/A,#N/A,dh,16,,
Kody Clemens,MIN,"1B,2B,LF,RF",252,33,11,35,3,0.228,0.286,57,11,2,20,65,0.425,0.711,72,,72,-2.090832643,#N/A,#N/A,1b/2b/of,1,,
Victor Robles,SEA,"LF,CF,RF",285,37,5,29,18,0.244,0.295,70,14,1,20,68,0.356,0.65,71,,71,-2.121685574,137,152,of,92,,
Jake Mangum,PIT,"LF,CF,RF",310,34,3,30,13,0.273,0.308,85,16,2,15,55,0.362,0.67,71,,71,-2.121685574,#N/A,#N/A,of,93,,
Jake Bauers,MIL,"1B,LF,RF",250,33,11,35,7,0.214,0.309,53,10,1,34,87,0.395,0.704,71,,71,-2.121685574,,291,1b/of,5,,
Austin Martin,MIN,"2B,LF,CF",269,36,3,25,12,0.254,0.336,68,14,1,33,53,0.346,0.683,67,,67,-2.245097295,,292,of,94,,
Graham Pauley,MIA,3B,266,32,8,31,4,0.225,0.294,60,13,1,26,61,0.371,0.665,67,,67,-2.245097295,#N/A,#N/A,3b,24,,
CJ Kayfus,CLE,"1B,LF,RF",237,31,7,31,3,0.238,0.309,56,12,2,24,75,0.402,0.711,66,,66,-2.275950226,#N/A,#N/A,#N/A,17,,
Joey Bart,PIT,C,261,31,7,31,1,0.239,0.314,62,11,0,29,81,0.366,0.68,66,,66,-2.275950226,198,97,ca,32,,
Ramon Urias,STL,"2B,3B",259,30,8,31,2,0.244,0.301,63,12,1,21,64,0.388,0.689,66,,66,-2.275950226,,296,2b/3b,8,,
Miguel Amaya,CHC,C,248,29,7,32,1,0.233,0.29,58,12,1,20,59,0.377,0.666,65,,65,-2.306803156,217,80,ca,33,,
Colt Emerson,SEA,SS,253,31,5,29,5,0.236,0.301,60,13,1,24,63,0.353,0.653,64,,64,-2.337656086,#N/A,#N/A,#N/A,18,,
Sung-Mun Song,SD,"2B,3B",260,31,6,29,6,0.237,0.299,62,12,1,23,52,0.359,0.659,64,,64,-2.337656086,#N/A,#N/A,#N/A,19,,
Colby Thomas,ATH,"LF,CF,RF",221,29,9,31,4,0.236,0.282,52,13,1,14,75,0.42,0.702,63,,63,-2.368509017,319,-19,of,95,,
Kyle Higashioka,TEX,"C,DH",244,27,10,33,2,0.225,0.274,55,11,1,16,66,0.398,0.671,63,,63,-2.368509017,291,10,ca,34,,
Blaze Alexander,BAL,"2B,3B",247,31,7,28,5,0.225,0.292,56,11,1,23,86,0.356,0.648,63,,63,-2.368509017,,302,3b,25,,
Jacob Young,WSH,CF,281,34,2,24,16,0.247,0.3,70,12,2,21,57,0.325,0.625,63,,63,-2.368509017,230,73,of,96,,
Angel Martinez,CLE,"2B,LF,CF",258,31,6,28,5,0.234,0.284,60,13,1,18,60,0.365,0.649,63,,63,-2.368509017,,304,2b/of,6,,
Andres Chaparro,WSH,1B,240,27,9,32,1,0.23,0.295,55,12,0,22,63,0.396,0.691,63,,63,-2.368509017,,305,1b,28,,
Coby Mayo,BAL,1B,216,29,9,30,2,0.231,0.302,50,10,1,21,63,0.419,0.721,62,,62,-2.399361947,187,119,1b,29,,
Romy Gonzalez,BOS,"1B,2B",208,28,7,29,6,0.268,0.31,56,11,1,13,56,0.429,0.739,62,,62,-2.399361947,289,18,1b/2b,3,,
Liam Hicks,MIA,"C,1B,DH",252,29,4,28,1,0.241,0.325,61,11,1,32,46,0.339,0.664,62,,62,-2.399361947,#N/A,#N/A,ca/1b,3,,
Taylor Walls,TB,SS,264,33,5,26,13,0.212,0.292,56,12,1,30,70,0.32,0.612,62,,62,-2.399361947,,309,ss,25,,
Jonny DeLuca,TB,"LF,CF,RF",250,30,7,28,10,0.229,0.283,57,11,2,19,57,0.376,0.659,62,,62,-2.399361947,282,28,dh,17,,
Matt Vierling,DET,"LF,CF",242,31,6,27,3,0.243,0.304,59,11,1,21,63,0.378,0.682,62,,62,-2.399361947,184,127,of,97,,
Michael Massey,KC,"2B,LF",253,28,7,30,2,0.244,0.282,62,12,1,13,50,0.387,0.669,62,,62,-2.399361947,281,31,2b,21,,
Nick Fortes,TB,C,274,29,7,28,2,0.223,0.269,61,11,1,17,54,0.343,0.612,61,,61,-2.430214878,,313,ca,35,,
Tyrone Taylor,NYM,"LF,CF,RF",252,31,6,27,8,0.228,0.268,58,13,2,14,63,0.366,0.634,61,,61,-2.430214878,,314,of,98,,
Otto Kemp,PHI,"1B,3B,LF",210,29,7,29,4,0.235,0.294,49,11,1,17,67,0.396,0.69,61,,61,-2.430214878,#N/A,#N/A,3b,26,,
Harry Ford,WSH,C,229,29,6,27,5,0.23,0.317,53,10,0,29,61,0.35,0.666,60,,60,-2.461067808,,316,#N/A,20,,
Edmundo Sosa,PHI,"2B,3B,SS",220,28,7,28,3,0.25,0.282,55,11,2,10,55,0.41,0.692,60,,60,-2.461067808,225,92,2b/3b,9,,
Starling Marte,KC,"LF,RF,DH",230,29,5,26,7,0.262,0.309,60,10,1,16,53,0.387,0.696,60,,60,-2.461067808,241,77,dh,18,,
Will Benson,CIN,"LF,CF,RF",200,29,8,27,6,0.222,0.303,44,9,2,23,71,0.412,0.716,59,,59,-2.491920739,280,39,of,99,,
Ryan Ritter,COL,"2B,SS",218,29,6,26,4,0.249,0.309,54,11,2,19,66,0.397,0.706,59,,59,-2.491920739,#N/A,#N/A,2b/ss,6,,
Henry Davis,PIT,C,238,28,7,27,4,0.22,0.286,52,11,1,22,69,0.363,0.649,58,,58,-2.522773669,258,63,ca,36,,
Troy Johnston,COL,"1B,LF,RF",216,27,6,27,7,0.254,0.306,55,11,2,16,50,0.403,0.709,58,,58,-2.522773669,#N/A,#N/A,of,100,,
Kyle Karros,COL,3B,223,29,4,24,2,0.258,0.327,58,13,1,23,60,0.382,0.709,58,,58,-2.522773669,#N/A,#N/A,3b,27,,
Rob Refsnyder,SEA,"LF,CF,RF,DH",204,27,7,27,3,0.239,0.32,49,10,0,24,62,0.393,0.713,58,,58,-2.522773669,,324,of,101,,
Luis Campusano,SD,"C,DH",211,27,7,27,1,0.24,0.313,51,9,0,22,49,0.382,0.694,58,,58,-2.522773669,240,85,#N/A,21,,
Jasson Dominguez,NYY,"LF,CF",190,28,7,25,10,0.245,0.321,47,8,1,19,52,0.403,0.724,57,,57,-2.553626599,92,234,of,102,,
Jhostynxon Garcia,PIT,"CF,RF",219,28,7,26,3,0.233,0.285,51,10,1,16,68,0.379,0.664,57,,57,-2.553626599,#N/A,#N/A,#N/A,22,,
Dane Myers,CIN,"LF,CF,RF",217,27,6,26,9,0.242,0.297,52,8,0,17,61,0.369,0.666,57,,57,-2.553626599,,328,of,103,,
Ezequiel Duran,TEX,"1B,2B,3B,SS,LF",243,28,5,25,8,0.241,0.281,58,13,1,14,63,0.367,0.648,57,,57,-2.553626599,,329.00,1b/ss,1,,
Masataka Yoshida,BOS,"LF,DH",196,24,5,27,2,0.272,0.324,53,11,0,15,29,0.411,0.735,56,,56,-2.58447953,192,138,dh,19,,
Abimelec Ortiz,WSH,"1B,OF",208,26,8,27,1,0.226,0.29,47,9,1,19,61,0.393,0.682,56,,56,-2.58447953,#N/A,#N/A,#N/A,23,,
Thomas Saggese,STL,"2B,3B,SS",223,26,5,25,3,0.245,0.293,55,11,1,15,62,0.371,0.665,55,,55,-2.61533246,,332,2b/ss,7,,
Joe Mack,MIA,C,218,25,7,27,2,0.22,0.28,48,9,0,18,66,0.367,0.647,55,,55,-2.61533246,#N/A,#N/A,#N/A,24,,
Casey Schmitt,SF,"1B,2B,3B",208,25,7,27,1,0.239,0.292,50,10,0,15,53,0.396,0.688,55,,55,-2.61533246,,334,2b/3b,10,,
Oswald Peraza,LAA,"1B,2B,3B,SS",229,28,7,24,9,0.215,0.273,49,8,0,18,66,0.346,0.618,55,,55,-2.61533246,,335,3b,28,,
Dalton Rushing,LAD,C,178,25,7,26,1,0.224,0.307,40,8,0,21,58,0.392,0.699,54,,54,-2.646185391,244,92,ca,37,,
Robert Hassell III,WSH,"CF,RF",238,26,5,24,6,0.239,0.296,57,10,0,19,64,0.341,0.636,54,,54,-2.646185391,#N/A,#N/A,#N/A,25,,
Javier Sanoja,MIA,"2B,3B,SS,LF,CF",212,25,3,24,6,0.26,0.305,55,12,2,14,24,0.383,0.689,53,,53,-2.677038321,#N/A,#N/A,2b/3b/of,3,,
Amed Rosario,NYY,"2B,3B",207,25,4,24,4,0.261,0.295,54,10,1,10,40,0.38,0.674,53,,53,-2.677038321,,339,3b,29,,
Jeremiah Jackson,BAL,"3B,RF",203,24,7,26,4,0.239,0.278,49,10,1,11,52,0.395,0.673,53,,53,-2.677038321,#N/A,#N/A,of,104,,
James Outman,MIN,"LF,CF,RF",191,27,7,24,5,0.21,0.291,40,8,1,22,76,0.381,0.672,53,,53,-2.677038321,234,107,of,105,,
Ben Williamson,TB,3B,215,26,3,22,5,0.249,0.302,53,11,1,16,50,0.342,0.644,52,,52,-2.707891252,#N/A,#N/A,3b,30,,
Ryan Mountcastle,BAL,"1B,DH",187,23,7,25,1,0.256,0.303,48,9,0,13,51,0.419,0.722,52,,52,-2.707891252,147,196,1b,30,,
T.J. Rumfield,COL,1B,192,24,5,24,1,0.253,0.316,49,10,0,18,43,0.384,0.7,52,,52,-2.707891252,#N/A,#N/A,#N/A,26,,
Jose Trevino,CIN,C,226,24,6,25,1,0.236,0.281,53,10,0,14,38,0.361,0.643,52,,52,-2.707891252,300,45,ca,38,,
Everson Pereira,CWS,"LF,CF",185,25,8,24,4,0.222,0.287,41,7,1,17,66,0.392,0.679,52,,52,-2.707891252,#N/A,#N/A,of,106,,
Dominic Smith,ATL,1B,205,24,5,25,2,0.24,0.301,49,9,0,18,47,0.369,0.67,52,,52,-2.707891252,#N/A,#N/A,1b,31,,
Hunter Feduccia,TB,C,220,25,4,23,1,0.216,0.304,47,10,1,28,64,0.327,0.631,51,,51,-2.738744182,#N/A,#N/A,ca,39,,
Rowdy Tellez,,1B,182,21,9,27,1,0.228,0.289,42,7,0,15,49,0.414,0.703,51,,51,-2.738744182,,349,1b,32,,
Travis Bazzana,CLE,2B,188,26,5,21,4,0.217,0.307,41,9,1,24,61,0.345,0.652,50,,50,-2.769597112,276,74,#N/A,27,,
Jesse Winker,,"LF,RF,DH",183,24,5,23,3,0.235,0.335,43,8,1,28,47,0.375,0.71,50,,50,-2.769597112,243,108,dh,20,,
Triston Casas,BOS,1B,164,22,7,24,0,0.24,0.334,39,8,0,22,46,0.431,0.766,49,,49,-2.800450043,71,281,1b,33,,
Nathaniel Lowe,CIN,1B,170,22,6,24,0,0.243,0.328,41,7,0,21,49,0.391,0.719,49,,49,-2.800450043,138,215,#N/A,28,,
Connor Wong,BOS,C,204,24,5,22,3,0.239,0.292,49,10,1,15,56,0.369,0.662,49,,49,-2.800450043,148,206,ca,40,,
Luis Torrens,NYM,C,204,22,5,24,1,0.237,0.289,48,9,1,15,50,0.37,0.659,49,,49,-2.800450043,,355,ca,41,,
Daniel Schneemann,CLE,"2B,3B,SS,CF,RF",197,24,5,22,4,0.217,0.295,43,9,1,22,60,0.355,0.651,49,,49,-2.800450043,,356,2b/3b/of,4,,
Sam Haggerty,TEX,"LF,CF",191,26,3,19,11,0.242,0.307,46,9,2,18,48,0.353,0.66,48,,48,-2.831302973,#N/A,#N/A,of,107,,
Alan Roden,MIN,"LF,RF",179,24,4,20,3,0.253,0.32,45,9,1,18,35,0.376,0.696,48,,48,-2.831302973,,358,of,108,,
Zack Gelof,ATH,2B,170,24,6,21,6,0.221,0.292,38,8,0,17,63,0.384,0.676,47,,47,-2.862155904,150,209,2b,22,,
Braxton Fulford,COL,C,165,22,5,22,2,0.241,0.299,40,9,1,14,51,0.406,0.705,47,,47,-2.862155904,#N/A,#N/A,ca,42,,
Travis d'Arnaud,LAA,C,197,21,7,24,0,0.217,0.267,43,9,0,14,61,0.378,0.646,47,,47,-2.862155904,189,172,ca,43,,
Jake Rogers,DET,C,178,22,6,23,1,0.211,0.278,37,8,1,17,58,0.372,0.65,47,,47,-2.862155904,259,103,ca,44,,
Vaughn Grissom,LAA,2B,188,24,4,20,4,0.246,0.305,46,9,0,16,42,0.362,0.668,47,,47,-2.862155904,303,60,#N/A,29,,
David Fry,CLE,DH,177,21,7,23,2,0.221,0.286,39,8,1,16,53,0.384,0.67,46,,46,-2.893008834,254,110,dh,21,,
Adam Frazier,LAA,"2B,LF,RF",212,23,4,20,4,0.231,0.283,49,9,1,16,43,0.326,0.609,46,,46,-2.893008834,,365,2b/of,7,,
David Hamilton,MIL,"2B,SS",180,25,5,19,18,0.216,0.284,39,7,1,17,51,0.355,0.639,46,,46,-2.893008834,231,135,2b,23,,
Tommy Pham,,"LF,CF,RF",182,22,5,21,3,0.241,0.311,44,8,1,19,46,0.371,0.682,46,,46,-2.893008834,,367,of,109,,
James McCann,ARI,C,178,20,5,22,1,0.236,0.279,42,8,0,11,50,0.375,0.654,45,,45,-2.923861764,,368,ca,45,,
Blaine Crim,COL,1B,155,20,5,22,1,0.248,0.314,39,8,0,15,39,0.412,0.727,45,,45,-2.923861764,#N/A,#N/A,dh,22,,
Darell Hernaiz,ATH,"2B,3B,SS",176,22,2,19,4,0.257,0.316,45,9,1,15,29,0.361,0.677,45,,45,-2.923861764,,370,3b/ss,2,,
Enrique Hernandez,LAD,"1B,2B,3B,LF",169,21,5,22,1,0.223,0.28,38,8,0,13,44,0.372,0.652,45,,45,-2.923861764,278,93,1b/3b/of,1,,
Jose Tena,WSH,"2B,3B",190,21,4,20,6,0.247,0.301,47,10,1,15,53,0.364,0.665,44,,44,-2.954714695,297,75,3b,31,,
Luis Matos,SF,"LF,CF,RF",158,20,5,21,3,0.245,0.291,39,8,0,10,25,0.402,0.693,44,,44,-2.954714695,#N/A,#N/A,of,110,,
Blake Perkins,MIL,"LF,CF,RF",180,23,4,19,7,0.22,0.3,40,7,1,20,55,0.335,0.635,44,,44,-2.954714695,,374,of,111,,
Gary Sanchez,MIL,C,143,18,7,23,0,0.22,0.287,31,5,0,13,44,0.41,0.697,43,,43,-2.985567625,268,107,ca,46,,
Tyler Locklear,ARI,1B,159,20,5,20,4,0.236,0.301,38,8,1,15,48,0.383,0.684,43,,43,-2.985567625,,376,1b,34,,
Andy Ibanez,ATH,"2B,3B",172,20,4,20,3,0.244,0.297,42,9,0,13,37,0.375,0.672,43,,43,-2.985567625,#N/A,#N/A,3b,32,,
Tyler Austin,CHC,"1B,RF",144,19,6,21,0,0.241,0.315,35,8,0,15,42,0.432,0.747,43,,43,-2.985567625,#N/A,#N/A,#N/A,30,,
Hyeseong Kim,LAD,"2B,SS,CF",165,21,3,18,9,0.245,0.29,40,7,1,10,43,0.351,0.64,42,,42,-3.016420556,177,202,#N/A,31,,
Adrian Del Castillo,ARI,"C,DH",161,19,6,21,0,0.23,0.295,37,8,1,15,50,0.392,0.687,42,,42,-3.016420556,301,79,dh,23,,
Isiah Kiner-Falefa,BOS,"2B,3B,SS",187,21,2,18,6,0.253,0.29,47,8,1,10,34,0.336,0.626,42,,42,-3.016420556,209,172,3b/ss,3,,
Miguel Rojas,LAD,"2B,3B,SS",165,21,3,18,3,0.251,0.304,41,8,0,12,26,0.362,0.666,42,,42,-3.016420556,312,70,2b/3b/ss,3,,
Andrew McCutchen,TEX,"RF,DH",162,20,5,19,1,0.227,0.317,37,7,0,21,44,0.37,0.688,42,,42,-3.016420556,271,112,dh,24,,
Anthony Santander,TOR,"LF,RF,DH",124,18,7,20,0,0.226,0.302,28,5,0,12,30,0.431,0.733,40,,40,-3.078126417,41,343,of,112,,
Yohel Pozo,STL,C,162,17,5,20,1,0.252,0.277,41,9,0,6,22,0.391,0.668,40,,40,-3.078126417,#N/A,#N/A,ca,47,,
Alex Call,LAD,"LF,CF,RF",142,20,4,18,2,0.236,0.326,34,7,0,19,31,0.369,0.695,40,,40,-3.078126417,,386,of,113,,
Cody Freeman,TEX,2B,160,19,4,18,2,0.241,0.285,39,8,0,10,27,0.37,0.655,40,,40,-3.078126417,#N/A,#N/A,2b,24,,
Richie Palacios,TB,"IF,LF",165,21,3,16,7,0.227,0.31,37,7,0,20,37,0.331,0.641,40,,40,-3.078126417,313,75,#N/A,32,,
Bryce Teodosio,LAA,CF,193,21,3,17,9,0.213,0.257,41,8,2,11,65,0.315,0.572,40,,40,-3.078126417,#N/A,#N/A,of,114,,
Kristian Campbell,BOS,"2B,CF",140,19,4,17,2,0.253,0.33,35,6,0,16,39,0.378,0.708,39,,39,-3.108979347,166,224,2b,25,,
Ryan Waldschmidt,ARI,"LF,CF,RF",131,20,3,16,5,0.245,0.332,32,6,1,17,33,0.377,0.71,39,,39,-3.108979347,#N/A,#N/A,#N/A,33,,
Charlie Condon,COL,"1B,OF",146,18,5,19,1,0.239,0.302,35,6,1,13,48,0.399,0.7,39,,39,-3.108979347,,392,#N/A,34,,
Tim Tawa,ARI,"1B,2B,LF,CF",154,19,5,18,4,0.222,0.287,34,7,1,14,44,0.368,0.655,39,,39,-3.108979347,#N/A,#N/A,1b/2b/of,2,,
Nathan Church,STL,"LF,CF,RF",156,19,3,17,4,0.249,0.299,39,7,1,11,26,0.356,0.655,39,,39,-3.108979347,#N/A,#N/A,of,115,,
Jett Williams,MIL,"2B,SS,OF",138,20,4,16,6,0.223,0.305,31,7,1,16,42,0.367,0.672,38,,38,-3.139832277,,395,#N/A,35,,
Jose Fermin,STL,2B,143,19,3,16,6,0.242,0.326,35,8,0,18,21,0.359,0.685,38,,38,-3.139832277,#N/A,#N/A,dh,25,,
Jahmai Jones,DET,"LF,CF,RF,DH",124,19,4,17,3,0.241,0.326,30,7,1,16,35,0.414,0.739,38,,38,-3.139832277,#N/A,#N/A,of,116,,
Ronny Mauricio,NYM,"2B,3B",140,18,5,17,4,0.238,0.289,33,6,0,10,39,0.388,0.678,37,,37,-3.170685208,332,66,3b,33,,
Wilmer Flores,,"1B,DH",144,16,5,19,0,0.23,0.293,33,6,0,13,29,0.374,0.667,37,,37,-3.170685208,315,84,1b,35,,
Dylan Moore,,"1B,2B,3B,LF,RF",128,19,5,16,8,0.208,0.288,27,5,1,14,45,0.381,0.669,37,,37,-3.170685208,186,214,2b/of,8,,
Eli White,ATL,"LF,CF,RF",140,19,4,16,5,0.234,0.285,33,5,1,10,41,0.374,0.659,37,,37,-3.170685208,#N/A,#N/A,of,117,,
Myles Straw,TOR,"LF,CF,RF",157,20,2,14,7,0.232,0.292,36,7,1,13,34,0.314,0.606,36,,36,-3.201538138,#N/A,#N/A,of,118,,
Justin Turner,,"1B,3B",147,17,3,17,1,0.239,0.304,35,7,0,14,32,0.358,0.662,36,,36,-3.201538138,218,185,1b,36,,
Jorge Mateo,ATL,"2B,SS,CF",143,19,3,14,13,0.223,0.268,32,7,1,9,41,0.353,0.621,35,,35,-3.232391069,294,110,dh,26,,
Nelson Velazquez,STL,"LF,RF,DH",130,16,5,17,2,0.22,0.286,28,5,0,12,38,0.392,0.678,35,,35,-3.232391069,,405,#N/A,36,,
Nick Yorke,PIT,2B,133,17,3,15,3,0.251,0.307,33,7,0,11,34,0.363,0.67,35,,35,-3.232391069,305,101,dh,27,,
Jacob Melton,TB,"LF,CF",133,17,4,15,8,0.219,0.28,29,6,0,11,40,0.358,0.638,34,,34,-3.263243999,,407,of,119,,
Austin Wynns,ATH,C,133,15,4,17,1,0.229,0.279,31,6,0,9,40,0.364,0.643,34,,34,-3.263243999,#N/A,#N/A,ca,48,,
Eric Wagaman,MIN,"1B,LF",130,16,4,16,1,0.25,0.302,32,8,0,10,29,0.399,0.701,34,,34,-3.263243999,#N/A,#N/A,1b/of,6,,
Randal Grichuk,NYY,"LF,RF,DH",124,16,5,16,0,0.239,0.288,30,7,0,8,29,0.423,0.711,34,,34,-3.263243999,,410,of,120,,
Jose Iglesias,,"2B,3B,SS",146,16,2,15,2,0.253,0.293,37,7,0,8,27,0.339,0.632,34,,34,-3.263243999,308,103,2b/3b/ss,4,,
Mike Tauchman,NYM,"LF,CF,RF",120,17,3,14,1,0.23,0.325,28,5,0,17,33,0.351,0.675,33,,33,-3.29409693,330,82,of,121,,
Carlos Cortes,ATH,"LF,RF",121,15,4,16,1,0.234,0.298,28,6,0,11,29,0.391,0.689,33,,33,-3.29409693,#N/A,#N/A,of,122,,
Leo Rivas,SEA,"2B,SS",132,18,2,13,7,0.216,0.327,28,5,0,22,39,0.302,0.629,33,,33,-3.29409693,#N/A,#N/A,#N/A,37,,
Esteury Ruiz,MIA,"LF,CF",110,17,3,13,12,0.241,0.309,26,5,1,11,28,0.37,0.679,32,,32,-3.32494986,222,193,dh,28,,
Jerar Encarnacion,SF,RF,115,14,4,16,1,0.228,0.291,26,4,0,10,42,0.384,0.676,32,,32,-3.32494986,,416,dh,29,,
Zac Veen,COL,"LF,RF",118,15,3,14,4,0.244,0.303,29,6,1,10,32,0.392,0.695,31,,31,-3.35580279,,417,dh,30,,
Max Kepler,,"LF,RF",111,14,4,15,1,0.237,0.306,26,5,0,11,25,0.4,0.706,31,,31,-3.35580279,219,199,of,123,,
Ryan Vilade,TB,"LF,RF",128,15,3,14,2,0.234,0.296,30,6,1,11,35,0.358,0.653,31,,31,-3.35580279,#N/A,#N/A,#N/A,38,,
Michael Conforto,CHC,LF,107,14,4,14,0,0.221,0.306,24,5,0,13,31,0.377,0.683,30,,30,-3.386655721,175,245,of,124,,
Rafael Marchan,PHI,C,128,14,3,14,1,0.227,0.292,29,6,0,12,24,0.329,0.621,30,,30,-3.386655721,,421,ca,49,,
Ty France,SD,1B,116,14,3,14,0,0.25,0.298,29,5,0,8,24,0.379,0.677,30,,30,-3.386655721,,422,1b,37,,
Tyler Heineman,TOR,C,122,15,2,13,2,0.223,0.29,27,5,1,12,28,0.325,0.615,30,,30,-3.386655721,#N/A,#N/A,ca,50,,
Braden Montgomery,CWS,CF,127,14,3,14,2,0.226,0.289,29,7,0,11,43,0.358,0.647,30,,30,-3.386655721,#N/A,#N/A,#N/A,39,,
Oswaldo Cabrera,NYY,3B,119,15,3,13,2,0.232,0.292,28,5,0,10,28,0.351,0.643,30,,30,-3.386655721,269,156,3b,34,,
Bryce Johnson,SD,"LF,CF,RF",136,16,2,12,6,0.224,0.289,31,6,1,13,41,0.314,0.604,30,,30,-3.386655721,#N/A,#N/A,of,125,,
Zach Dezenzo,HOU,"LF,RF",114,14,4,14,1,0.232,0.292,26,5,0,10,37,0.377,0.67,30,,30,-3.386655721,,427,of,126,,
J.C. Escarra,NYY,C,118,14,3,13,1,0.224,0.295,26,6,0,12,25,0.349,0.645,29,,29,-3.417508651,,428,ca,51,,
Nick Loftin,KC,"2B,3B,LF",115,14,2,13,2,0.24,0.314,28,6,0,13,21,0.355,0.669,29,,29,-3.417508651,#N/A,#N/A,of,127,,
Adael Amador,COL,2B,105,14,2,12,4,0.245,0.322,26,5,0,12,21,0.371,0.693,28,,28,-3.448361582,,430,2b,26,,
Drew Gilbert,SF,"CF,RF",107,13,3,13,1,0.226,0.293,24,5,0,10,25,0.36,0.653,28,,28,-3.448361582,,431,of,128,,
Endy Rodriguez,PIT,"C,1B",105,14,2,12,1,0.236,0.303,25,6,1,10,25,0.373,0.675,28,,28,-3.448361582,292,140,dh,31,,
Justyn-Henry Malloy,TB,"LF,RF,DH",99,13,3,13,1,0.234,0.333,23,5,0,15,32,0.378,0.711,28,,28,-3.448361582,,433,of,129,,
Nolan Jones,CLE,"LF,CF,RF",105,13,3,12,2,0.227,0.314,24,5,0,13,35,0.366,0.68,27,,27,-3.479214512,190,244,of,130,,
Drew Millas,WSH,C,116,13,2,12,3,0.242,0.301,28,5,1,10,22,0.347,0.647,27,,27,-3.479214512,#N/A,#N/A,dh,32,,
Andruw Monasterio,BOS,"1B,2B,3B,SS",101,13,2,12,3,0.238,0.309,24,5,0,10,28,0.355,0.664,27,,27,-3.479214512,#N/A,#N/A,ss,26,,
Johnathan Rodriguez,CLE,RF,105,12,4,13,1,0.242,0.307,25,5,0,10,33,0.389,0.696,27,,27,-3.479214512,,437,of,131,,
Chris Taylor,LAA,"2B,LF,CF,RF",114,14,3,12,3,0.211,0.279,24,5,0,11,41,0.335,0.614,27,,27,-3.479214512,324,114,of,132,,
Johan Rojas,PHI,CF,107,14,1,11,6,0.244,0.289,26,4,1,7,26,0.343,0.632,27,,27,-3.479214512,,439,of,133,,
Jonah Heim,ATL,"C,DH",104,12,3,13,0,0.225,0.283,23,4,0,8,23,0.36,0.643,26,,26,-3.510067442,168,272,ca,52,,
Jon Berti,,"2B,3B",114,14,1,10,8,0.243,0.299,28,4,0,9,27,0.324,0.623,26,,26,-3.510067442,,441,3b,35,,
Derek Hill,CWS,"LF,CF",103,13,3,11,3,0.234,0.282,24,4,1,7,32,0.376,0.658,26,,26,-3.510067442,,442,of,134,,
Jimmy Crooks III,STL,C,96,11,2,12,0,0.237,0.295,23,4,0,8,29,0.358,0.653,25,,25,-3.540920373,#N/A,#N/A,#N/A,40,,
Korey Lee,CWS,C,113,12,3,12,2,0.22,0.263,25,5,0,7,32,0.346,0.608,25,,25,-3.540920373,,444,dh,33,,
Tyler Tolbert,KC,"LF,CF",110,14,1,10,10,0.224,0.27,25,5,1,7,31,0.313,0.584,25,,25,-3.540920373,#N/A,#N/A,of,135,,
Joey Wiemer,WSH,"LF,CF,RF",104,12,3,12,2,0.205,0.276,21,4,0,10,34,0.339,0.615,25,,25,-3.540920373,#N/A,#N/A,of,136,,
Nick Allen,HOU,SS,121,13,1,10,3,0.228,0.287,27,5,0,10,26,0.295,0.582,25,,25,-3.540920373,#N/A,#N/A,ss,27,,
Jason Heyward,,"LF,RF",85,12,3,12,1,0.218,0.284,18,4,1,8,20,0.373,0.657,25,,25,-3.540920373,,448,of,137,,
Walker Jenkins,MIN,CF,84,12,2,10,3,0.248,0.326,21,5,0,10,21,0.385,0.711,24,,24,-3.571773303,,449,#N/A,41,,
Austin Hedges,CLE,C,120,12,3,11,1,0.184,0.25,22,4,0,10,35,0.292,0.542,24,,24,-3.571773303,#N/A,#N/A,ca,53,,
Brett Harris,ATH,3B,99,12,2,11,1,0.229,0.298,23,4,0,10,23,0.351,0.649,24,,24,-3.571773303,#N/A,#N/A,3b,36,,
Jack Suwinski,LAD,"LF,CF,RF",84,12,4,11,2,0.204,0.293,17,4,0,11,31,0.386,0.679,24,,24,-3.571773303,309,143,of,138,,
Orlando Arcia,MIN,"1B,2B,3B,SS",108,11,3,12,0,0.224,0.278,24,5,0,8,25,0.345,0.622,24,,24,-3.571773303,252,201,2b/3b/ss,5,,
Jorge Barrosa,ARI,"LF,CF",104,12,2,10,2,0.226,0.289,24,5,1,9,26,0.34,0.629,23,,23,-3.602626234,#N/A,#N/A,of,139,,
John Rave,KC,"LF,CF,RF",97,12,2,10,3,0.222,0.295,22,4,1,10,28,0.358,0.654,23,,23,-3.602626234,#N/A,#N/A,of,140,,
Mitch Garver,SEA,"C,DH",83,10,3,11,0,0.202,0.295,17,3,0,11,28,0.359,0.654,22,,22,-3.633479164,255,201,ca,54,,
Santiago Espinal,LAD,"2B,3B,LF,RF",97,11,1,9,1,0.248,0.299,24,4,0,7,14,0.332,0.63,22,,22,-3.633479164,,457,3b,37,,
Jarred Kelenic,CWS,"LF,CF,RF",93,11,3,10,2,0.215,0.278,20,4,0,8,30,0.361,0.639,22,,22,-3.633479164,302,156,of,141,,
Juan Brito,CLE,"1B,2B",91,11,2,10,1,0.227,0.305,21,5,0,10,21,0.355,0.659,22,,22,-3.633479164,284,175,#N/A,42,,
Leo Jimenez,TOR,2B,89,11,2,10,1,0.233,0.296,21,4,0,8,22,0.361,0.657,22,,22,-3.633479164,,460,#N/A,43,,
Brice Matthews,HOU,2B,72,10,3,10,4,0.215,0.297,15,3,0,8,29,0.378,0.675,21,,21,-3.664332095,#N/A,#N/A,dh,34,,
Cesar Salazar,HOU,C,94,10,2,10,1,0.204,0.276,19,3,0,9,22,0.305,0.581,21,,21,-3.664332095,#N/A,#N/A,#N/A,44,,
Curtis Mead,CWS,"1B,2B,3B",83,11,2,9,2,0.243,0.298,20,4,0,6,20,0.375,0.672,21,,21,-3.664332095,,463,1b/3b,2,,
Ryan Bliss,SEA,2B,83,11,2,9,6,0.217,0.287,18,4,0,8,25,0.345,0.632,21,,21,-3.664332095,,464,dh,35,,
Jeimer Candelario,LAA,"1B,3B",89,10,3,10,1,0.204,0.266,18,4,0,7,28,0.35,0.616,21,,21,-3.664332095,174,291,dh,36,,
Leody Taveras,BAL,"CF,RF",84,11,2,9,4,0.239,0.294,20,4,0,7,19,0.368,0.662,21,,21,-3.664332095,296,170,of,142,,
Will Brennan,SF,"LF,CF,RF",92,10,2,9,2,0.259,0.299,24,5,0,5,14,0.365,0.664,21,,21,-3.664332095,,467,#N/A,45,,
DJ LeMahieu,,"1B,2B,3B",89,10,2,9,0,0.242,0.314,22,3,0,9,22,0.341,0.655,21,,21,-3.664332095,277,191,2b,27,,
Michael Helman,TEX,CF,83,10,2,9,2,0.214,0.262,18,4,0,5,21,0.346,0.609,20,,20,-3.695185025,#N/A,#N/A,of,143,,
Deyvison De Los Santos,MIA,"1B,3B",84,9,3,10,1,0.235,0.277,20,3,0,5,23,0.378,0.655,20,,20,-3.695185025,212,258,#N/A,46,,
Dylan Carlson,CHC,"LF,CF,RF",79,10,2,9,1,0.225,0.306,18,4,0,9,21,0.355,0.661,20,,20,-3.695185025,,471,of,144,,
Christian Encarnacion-Strand,CIN,"1B,3B",65,8,3,10,0,0.238,0.278,16,3,0,4,19,0.416,0.694,19,,19,-3.726037955,158,314,1b,38,,
Emmanuel Rodriguez,MIN,CF,59,10,2,8,2,0.218,0.348,13,3,0,12,25,0.368,0.716,19,,19,-3.726037955,,473,#N/A,47,,
Andrew Knizner,SEA,C,83,9,2,9,0,0.215,0.276,18,3,0,7,20,0.314,0.59,19,,19,-3.726037955,#N/A,#N/A,ca,55,,
Alejandro Osuna,TEX,"LF,CF,RF",68,10,1,8,2,0.245,0.32,17,3,0,8,18,0.358,0.679,19,,19,-3.726037955,#N/A,#N/A,of,145,,
MJ Melendez,NYM,LF,80,9,3,9,2,0.208,0.275,17,4,0,7,26,0.374,0.649,19,,19,-3.726037955,250,226,of,146,,
Gio Urshela,MIN,3B,82,8,1,9,0,0.251,0.297,21,4,0,5,17,0.356,0.653,19,,19,-3.726037955,,477,3b,38,,
Ildemaro Vargas,ARI,"1B,2B",89,9,1,9,1,0.241,0.284,21,4,1,5,12,0.338,0.623,19,,19,-3.726037955,#N/A,#N/A,dh,37,,
Daniel Susac,SF,C,78,8,2,9,1,0.227,0.27,18,3,0,5,24,0.348,0.618,18,,18,-3.756890886,#N/A,#N/A,#N/A,48,,
Christian Koss,SF,"2B,3B,SS",77,9,1,8,2,0.237,0.276,18,4,0,4,20,0.344,0.62,18,,18,-3.756890886,#N/A,#N/A,2b,28,,
Thairo Estrada,BAL,2B,72,9,2,8,1,0.242,0.276,17,3,0,3,15,0.36,0.636,18,,18,-3.756890886,176,305,2b,29,,
Tyler Fitzgerald,SF,2B,69,9,2,8,2,0.222,0.276,15,3,0,5,24,0.372,0.649,18,,18,-3.756890886,188,294,2b,30,,
Alex Freeland,LAD,"3B,SS",70,9,2,8,2,0.215,0.305,15,3,0,9,22,0.353,0.658,18,,18,-3.756890886,,483,dh,38,,
Warming Bernabel,WSH,1B,84,8,2,9,1,0.246,0.281,21,4,0,4,14,0.356,0.636,18,,18,-3.756890886,#N/A,#N/A,1b,39,,
Jace Jung,DET,3B,70,9,2,8,0,0.215,0.316,15,3,0,10,22,0.351,0.667,18,,18,-3.756890886,316,169,dh,39,,
LaMonte Wade Jr.,CWS,"1B,RF",70,9,2,8,0,0.219,0.321,15,3,0,11,18,0.353,0.675,18,,18,-3.756890886,306,180,#N/A,49,,
Chas McCormick,CHC,"LF,CF,RF",70,9,2,8,2,0.221,0.286,15,2,0,6,21,0.349,0.636,18,,18,-3.756890886,256,231,of,147,,
Mark Canha,TEX,"LF,RF",76,9,2,8,1,0.228,0.3,17,3,0,8,18,0.339,0.638,18,,18,-3.756890886,,488,of,148,,
Gabriel Rincones,PHI,"LF,RF",57,9,2,8,2,0.218,0.313,12,3,0,8,19,0.372,0.685,18,,18,-3.756890886,#N/A,#N/A,#N/A,50,,
Maximo Acosta,MIA,"3B,SS",73,9,2,8,3,0.228,0.289,17,3,0,6,21,0.343,0.632,18,,18,-3.756890886,#N/A,#N/A,dh,40,,
Aidan Miller,PHI,SS,60,9,2,7,4,0.226,0.312,13,3,0,7,19,0.357,0.668,17,,17,-3.787743816,#N/A,#N/A,#N/A,51,,
Christian Vazquez,HOU,C,81,8,2,8,1,0.22,0.27,18,3,0,6,17,0.32,0.59,17,,17,-3.787743816,,492,ca,56,,
Heston Kjerstad,BAL,"LF,RF",60,8,2,8,0,0.231,0.286,14,2,0,5,19,0.378,0.664,17,,17,-3.787743816,202,291,of,149,,
Kevin Alcantara,CHC,"CF,RF",59,8,2,8,1,0.23,0.303,14,3,0,6,22,0.364,0.666,17,,17,-3.787743816,,494,dh,41,,
Brandon Lockridge,MIL,"LF,CF,RF",72,9,1,7,4,0.235,0.298,17,3,0,6,21,0.329,0.626,17,,17,-3.787743816,#N/A,#N/A,of,150,,
Luis Urias,ARI,"2B,3B",71,8,2,8,1,0.224,0.302,16,3,0,8,15,0.351,0.653,17,,17,-3.787743816,#N/A,#N/A,2b,31,,
Ryan Kreidler,MIN,CF,75,9,2,7,3,0.195,0.276,15,3,0,8,27,0.303,0.579,17,,17,-3.787743816,#N/A,#N/A,dh,42,,
Jacob Stallings,,C,84,8,1,8,0,0.197,0.262,17,3,0,7,26,0.291,0.553,17,,17,-3.787743816,,498,ca,57,,
Alexander Canario,,"LF,CF,RF",71,8,3,8,1,0.215,0.283,15,3,0,7,26,0.364,0.648,17,,17,-3.787743816,,499,of,151,,
Joshua Baez,STL,"LF,CF,RF",61,7,2,8,5,0.227,0.302,14,3,0,7,17,0.393,0.695,16,,16,-3.818596747,#N/A,#N/A,#N/A,52,,
Riley Adams,WSH,C,69,7,2,8,0,0.211,0.269,15,3,0,6,26,0.353,0.622,16,,16,-3.818596747,#N/A,#N/A,ca,58,,
Ryan Clifford,NYM,"1B,OF",45,7,2,8,0,0.208,0.315,9,2,0,7,18,0.377,0.692,16,,16,-3.818596747,#N/A,#N/A,#N/A,53,,
Tommy Troy,ARI,2B,60,8,1,7,2,0.237,0.31,14,3,0,6,15,0.353,0.663,16,,16,-3.818596747,#N/A,#N/A,#N/A,54,,
Trey Sweeney,DET,SS,62,8,1,7,1,0.215,0.283,13,3,0,6,19,0.332,0.614,16,,16,-3.818596747,314,190,ss,28,,
Alex Verdugo,SD,"LF,RF",62,8,1,7,0,0.247,0.307,15,3,0,5,10,0.345,0.652,16,,16,-3.818596747,247,258,of,152,,
Austin Slater,DET,"LF,CF,RF",63,8,2,7,1,0.233,0.312,15,3,0,7,21,0.367,0.678,16,,16,-3.818596747,#N/A,#N/A,of,153,,
Nate Eaton,BOS,"3B,CF,RF",63,8,1,7,3,0.23,0.279,15,3,0,4,17,0.338,0.618,16,,16,-3.818596747,#N/A,#N/A,#N/A,55,,
Paul DeJong,NYY,"2B,3B,SS",54,7,2,8,1,0.207,0.258,11,2,0,4,20,0.376,0.635,16,,16,-3.818596747,325,183,3b,39,,
Ben Gamel,ATL,"LF,RF",60,8,2,7,1,0.225,0.311,14,3,0,7,20,0.36,0.671,16,,16,-3.818596747,#N/A,#N/A,#N/A,56,,
Orelvis Martinez,WSH,"2B,3B",64,7,2,8,0,0.202,0.263,13,3,0,5,20,0.353,0.616,16,,16,-3.818596747,,510,#N/A,57,,
Hunter Renfroe,,RF,72,7,2,8,0,0.217,0.281,16,4,0,6,17,0.371,0.652,16,,16,-3.818596747,,511,of,154,,
Kris Bryant,COL,DH,63,7,2,7,0,0.236,0.301,15,3,0,6,18,0.351,0.652,15,,15,-3.849449677,262,250,dh,43,,
Luke Maile,KC,C,64,7,1,7,1,0.216,0.29,14,3,0,7,21,0.323,0.613,15,,15,-3.849449677,#N/A,#N/A,ca,59,,
Tom Murphy,,C,54,7,2,7,0,0.23,0.293,12,3,0,5,17,0.406,0.699,15,,15,-3.849449677,,514,#N/A,58,,
Dom Keegan,TB,C,60,7,2,7,0,0.225,0.285,13,3,0,5,18,0.365,0.649,15,,15,-3.849449677,#N/A,#N/A,#N/A,59,,
Jesus Rodriguez,SF,C,56,8,1,6,1,0.262,0.329,15,2,0,6,11,0.355,0.684,15,,15,-3.849449677,#N/A,#N/A,#N/A,60,,
Brendan Rodgers,BOS,2B,67,7,2,7,0,0.231,0.283,15,3,0,5,20,0.347,0.63,15,,15,-3.849449677,298,219,2b,32,,
Kyle Farmer,ATL,"1B,2B,3B,SS,DH",59,7,2,7,0,0.227,0.276,13,2,0,4,15,0.358,0.634,15,,15,-3.849449677,,518,2b,33,,
Kyren Paris,LAA,"2B,CF",58,8,2,6,3,0.197,0.277,11,2,0,6,23,0.318,0.595,15,,15,-3.849449677,#N/A,#N/A,of,155,,
Tristan Gray,MIN,"2B,SS",63,7,2,7,0,0.213,0.265,13,3,0,4,20,0.363,0.629,15,,15,-3.849449677,#N/A,#N/A,dh,44,,
Brock Wilken,MIL,3B,50,7,2,7,0,0.197,0.3,10,2,0,7,21,0.345,0.645,15,,15,-3.849449677,#N/A,#N/A,#N/A,61,,
Nelson Rada,LAA,CF,65,8,0,5,4,0.234,0.307,15,2,0,7,17,0.299,0.607,14,,14,-3.880302608,#N/A,#N/A,#N/A,62,,
Kameron Misner,KC,"CF,RF",53,7,2,6,2,0.2,0.295,11,2,0,7,19,0.343,0.638,14,,14,-3.880302608,#N/A,#N/A,of,156,,
Tirso Ornelas,SD,LF,61,7,1,6,1,0.232,0.296,14,3,0,6,14,0.353,0.649,14,,14,-3.880302608,,524,#N/A,63,,
Will Wagner,SD,"1B,3B",61,7,1,6,0,0.244,0.317,15,3,0,6,12,0.333,0.649,14,,14,-3.880302608,326,199,3b,40,,
Grant McCray,SF,"LF,CF,RF",57,7,1,6,2,0.212,0.273,12,3,0,5,20,0.33,0.603,14,,14,-3.880302608,,526,of,157,,
Spencer Jones,NYY,CF,42,6,2,6,2,0.217,0.287,9,2,0,4,19,0.413,0.7,13,,13,-3.911155538,,527,#N/A,64,,
Max Anderson,DET,"2B,3B",38,6,1,6,0,0.255,0.303,10,2,0,3,8,0.372,0.675,13,,13,-3.911155538,#N/A,#N/A,#N/A,65,,
Rafael Flores,PIT,"C,1B",53,6,2,6,1,0.236,0.296,13,2,0,5,16,0.392,0.688,13,,13,-3.911155538,#N/A,#N/A,#N/A,66,,
Tre' Morgan,TB,"1B,OF",46,6,1,6,1,0.244,0.333,11,2,0,6,11,0.355,0.689,13,,13,-3.911155538,#N/A,#N/A,#N/A,67,,
Gabriel Gonzalez,MIN,"LF,RF",51,6,1,6,0,0.263,0.314,13,3,0,4,11,0.402,0.716,13,,13,-3.911155538,#N/A,#N/A,#N/A,68,,
Tanner Murray,CWS,"2B,3B,SS,LF,RF",60,6,1,6,0,0.227,0.267,14,3,0,3,15,0.342,0.608,13,,13,-3.911155538,#N/A,#N/A,#N/A,69,,
Yohandy Morales,WSH,"1B,3B",53,6,1,6,0,0.231,0.286,12,3,0,4,17,0.347,0.633,13,,13,-3.911155538,#N/A,#N/A,#N/A,70,,
Donovan Solano,,1B,58,5,1,7,0,0.245,0.298,14,2,0,4,15,0.347,0.646,13,,13,-3.911155538,,534,1b,40,,
Travis Jankowski,,"LF,CF,RF",59,7,1,5,3,0.221,0.293,13,2,0,6,12,0.279,0.571,13,,13,-3.911155538,#N/A,#N/A,of,158,,
Yuli Gurriel,,"1B,DH",63,6,1,6,1,0.211,0.288,13,3,1,7,12,0.328,0.616,13,,13,-3.911155538,#N/A,#N/A,dh,45,,
Elias Diaz,KC,C,49,5,1,6,0,0.223,0.276,11,2,0,4,13,0.341,0.617,12,,12,-3.942008468,266,271,ca,60,,
Michael Toglia,CIN,1B,47,5,2,6,1,0.205,0.28,10,2,0,5,19,0.391,0.67,12,,12,-3.942008468,126,412,1b,41,,
Yanquiel Fernandez,NYY,"RF,DH",51,5,2,6,0,0.223,0.272,11,2,0,3,13,0.363,0.634,12,,12,-3.942008468,#N/A,#N/A,of,159,,
Junior Perez,ATH,"LF,CF,RF",48,6,2,5,2,0.199,0.285,10,2,0,6,18,0.353,0.637,12,,12,-3.942008468,#N/A,#N/A,#N/A,71,,
Nacho Alvarez Jr.,ATL,3B,48,6,1,5,1,0.239,0.311,12,2,0,5,11,0.327,0.638,12,,12,-3.942008468,,541,3b,41,,
Nick Sogard,BOS,"1B,2B",48,6,1,5,1,0.238,0.315,12,3,0,5,12,0.325,0.64,12,,12,-3.942008468,#N/A,#N/A,dh,46,,
Manuel Margot,,"LF,CF,RF",52,6,1,5,0,0.239,0.285,12,2,0,3,10,0.32,0.605,12,,12,-3.942008468,,543,dh,47,,
Abraham Toro,KC,"1B,2B,3B",52,6,1,5,1,0.237,0.297,12,3,0,4,11,0.371,0.667,12,,12,-3.942008468,#N/A,#N/A,1b,42,,
Seth Brown,NYY,"1B,LF,CF,RF",46,5,2,6,0,0.235,0.293,11,2,0,4,13,0.387,0.68,12,,12,-3.942008468,307,238,of,160,,
Jose Siri,LAA,CF,43,6,2,5,2,0.199,0.252,8,1,0,3,17,0.36,0.613,11,,11,-3.972861399,223,323,dh,48,,
Jonathon Long,CHC,1B,36,5,1,5,0,0.249,0.338,9,1,0,5,9,0.364,0.702,11,,11,-3.972861399,#N/A,#N/A,#N/A,72,,
Max Schuemann,NYY,"2B,3B,SS,OF",45,6,1,4,1,0.219,0.298,10,2,0,5,12,0.309,0.606,11,,11,-3.972861399,,548,2b/3b/ss,6,,
Matthew Lugo,LAA,"LF,CF",45,5,1,5,1,0.217,0.261,10,2,0,3,15,0.373,0.634,11,,11,-3.972861399,#N/A,#N/A,of,161,,
Tim Anderson,,"2B,SS",59,6,0,4,1,0.236,0.269,14,2,0,3,17,0.29,0.559,11,,11,-3.972861399,,550,dh,49,,
Garrett Hampson,CIN,"2B,LF,CF",51,6,0,4,2,0.216,0.281,11,2,0,5,16,0.291,0.573,11,,11,-3.972861399,#N/A,#N/A,of,162,,
Brett Wisely,ATL,2B,45,5,1,5,1,0.226,0.29,10,2,0,4,12,0.342,0.632,11,,11,-3.972861399,,552,2b,34,,
Tyler Wade,TEX,"2B,LF,CF",49,6,0,4,2,0.214,0.286,10,2,0,5,14,0.258,0.544,11,,11,-3.972861399,#N/A,#N/A,of,163,,
Drew Waters,KC,"LF,CF,RF",46,6,1,4,1,0.225,0.288,10,2,0,4,15,0.343,0.631,11,,11,-3.972861399,#N/A,#N/A,of,164,,
Josh Rojas,KC,"2B,3B",44,5,1,4,1,0.229,0.301,10,2,0,5,11,0.333,0.634,10,,10,-4.003714329,,555,2b/3b,11,,
Kaelen Culpepper,MIN,SS,41,5,1,4,2,0.25,0.31,10,2,0,4,8,0.363,0.673,10,,10,-4.003714329,#N/A,#N/A,#N/A,73,,
Alex Jackson,MIN,C,43,5,2,5,0,0.204,0.26,9,2,0,3,15,0.364,0.624,10,,10,-4.003714329,#N/A,#N/A,ca,61,,
Tyler Callihan,PIT,"2B,LF",41,5,1,4,1,0.225,0.29,9,2,0,4,12,0.35,0.64,10,,10,-4.003714329,#N/A,#N/A,#N/A,74,,
Joey Meneses,ATH,1B,43,4,1,5,0,0.241,0.288,10,2,0,3,9,0.366,0.654,10,,10,-4.003714329,,559,#N/A,75,,
Pedro Leon,PHI,RF,44,5,1,5,2,0.209,0.269,9,2,0,4,15,0.347,0.616,10,,10,-4.003714329,,560,#N/A,76,,
Petey Halpin,CLE,CF,43,5,1,4,1,0.214,0.273,9,2,0,3,14,0.322,0.595,10,,10,-4.003714329,#N/A,#N/A,dh,50,,
Bligh Madris,STL,1B,46,5,1,5,1,0.179,0.27,8,2,0,6,15,0.308,0.579,10,,10,-4.003714329,#N/A,#N/A,#N/A,77,,
Jeferson Quero,MIL,C,32,4,1,5,0,0.226,0.294,7,1,0,3,7,0.348,0.641,9,,9,-4.03456726,,563,#N/A,78,,
Reese McGuire,MIL,C,37,4,1,5,0,0.217,0.264,8,1,0,2,9,0.338,0.601,9,,9,-4.03456726,#N/A,#N/A,ca,62,,
Jose Miranda,SD,"1B,3B",43,4,1,4,0,0.226,0.272,10,2,0,3,9,0.335,0.608,9,,9,-4.03456726,245,320,dh,51,,
Brett Sullivan,COL,C,38,4,1,4,1,0.23,0.282,9,2,0,3,7,0.353,0.635,9,,9,-4.03456726,#N/A,#N/A,#N/A,79,,
Rece Hinds,CIN,RF,32,4,1,5,1,0.235,0.28,7,2,0,2,12,0.432,0.713,9,,9,-4.03456726,,567,dh,52,,
Nick Madrigal,LAA,"2B,3B",42,4,0,4,1,0.256,0.297,11,2,0,3,5,0.339,0.637,9,,9,-4.03456726,#N/A,#N/A,#N/A,80,,
Mason McCoy,SD,SS,48,5,1,4,2,0.198,0.259,10,2,0,4,16,0.275,0.534,9,,9,-4.03456726,#N/A,#N/A,dh,53,,
Miles Mastrobuoni,SEA,"2B,3B,LF,RF",40,5,0,3,2,0.227,0.307,9,2,0,5,8,0.302,0.609,9,,9,-4.03456726,#N/A,#N/A,3b/of,4,,
Jhonkensy Noel,BAL,"1B,RF",36,4,2,5,0,0.217,0.266,8,2,0,2,11,0.438,0.704,9,,9,-4.03456726,191,380,of,165,,
Ji Hwan Bae,NYM,"CF,RF",34,5,0,3,3,0.232,0.311,8,2,0,4,10,0.329,0.639,9,,9,-4.03456726,#N/A,#N/A,#N/A,81,,
Jonah Bride,TEX,"1B,3B",35,4,1,4,0,0.218,0.317,8,2,0,5,9,0.33,0.648,9,,9,-4.03456726,293,280,3b,42,,
Bob Seymour,,1B,32,4,2,5,0,0.216,0.279,7,1,0,3,10,0.41,0.689,9,,9,-4.03456726,#N/A,#N/A,#N/A,82,,
Jacob Reimer,NYM,"1B,3B",32,4,1,4,1,0.235,0.313,7,1,0,4,9,0.383,0.696,9,,9,-4.03456726,#N/A,#N/A,#N/A,83,,
Leo De Vries,ATH,SS,29,4,1,4,0,0.229,0.296,7,2,0,3,8,0.393,0.689,8,,8,-4.06542019,#N/A,#N/A,#N/A,84,,
Sam Antonacci,CWS,"2B,3B",30,4,0,3,1,0.243,0.316,7,1,0,3,6,0.327,0.643,8,,8,-4.06542019,#N/A,#N/A,#N/A,85,,
Tyler Black,MIL,1B,33,4,1,4,2,0.219,0.319,7,1,0,5,10,0.308,0.628,8,,8,-4.06542019,,578,dh,54,,
Chadwick Tromp,ATL,C,42,4,1,4,0,0.204,0.256,9,2,0,3,12,0.305,0.561,8,,8,-4.06542019,,579,dh,55,,
Bryan Torres,STL,"2B,LF,CF,RF",32,4,0,3,1,0.259,0.331,8,2,0,3,7,0.331,0.662,8,,8,-4.06542019,#N/A,#N/A,#N/A,86,,
Enmanuel Valdez,PIT,1B,35,4,1,4,0,0.224,0.297,8,1,0,4,9,0.363,0.66,8,,8,-4.06542019,#N/A,#N/A,1b,43,,
Taylor Trammell,HOU,"LF,CF",31,4,1,4,1,0.201,0.297,6,1,0,4,11,0.346,0.643,8,,8,-4.06542019,#N/A,#N/A,of,166,,
Wade Meckler,LAA,CF,35,4,0,3,1,0.234,0.306,8,2,0,4,8,0.309,0.615,8,,8,-4.06542019,,583,#N/A,87,,
Justin Foscue,TEX,1B,34,4,1,4,0,0.223,0.289,8,2,0,3,7,0.362,0.651,8,,8,-4.06542019,#N/A,#N/A,#N/A,88,,
Akil Baddoo,MIL,LF,31,4,1,4,1,0.215,0.304,7,2,0,4,10,0.355,0.659,8,,8,-4.06542019,#N/A,#N/A,#N/A,89,,
Matt Mervis,WSH,1B,33,4,1,4,0,0.209,0.269,7,1,0,3,11,0.346,0.615,8,,8,-4.06542019,,586,1b,44,,
Sterlin Thompson,COL,"1B,LF",29,4,1,3,0,0.247,0.306,7,2,0,2,7,0.383,0.689,8,,8,-4.06542019,#N/A,#N/A,#N/A,90,,
Edwin Arroyo,CIN,"2B,SS",33,4,0,3,1,0.246,0.292,8,2,0,2,7,0.336,0.628,8,,8,-4.06542019,#N/A,#N/A,#N/A,91,,
Liover Peguero,PHI,"1B,2B,SS",34,4,1,4,1,0.221,0.275,7,2,0,2,9,0.346,0.621,8,,8,-4.06542019,,589,dh,56,,
Denzer Guzman,LAA,"3B,SS",39,4,1,4,1,0.211,0.278,8,2,0,4,13,0.327,0.605,8,,8,-4.06542019,#N/A,#N/A,dh,57,,
Corey Julks,DET,"LF,RF",37,4,1,3,1,0.236,0.307,9,2,0,4,9,0.357,0.664,8,,8,-4.06542019,#N/A,#N/A,dh,58,,
Ralphy Velazquez,CLE,1B,34,4,1,4,0,0.221,0.296,7,2,1,4,9,0.433,0.728,8,,8,-4.06542019,#N/A,#N/A,#N/A,92,,
Jacob Hurtubise,MIL,LF,33,6,0,2,2,0.195,0.321,6,1,0,6,9,0.286,0.607,8,,8,-4.06542019,#N/A,#N/A,#N/A,93,,
Max Clark,DET,CF,24,4,1,3,1,0.245,0.341,6,1,1,3,5,0.44,0.781,7,,7,-4.09627312,,594,#N/A,94,,
Kyle McCann,COL,C,31,3,1,4,0,0.211,0.28,7,1,0,3,12,0.352,0.632,7,,7,-4.09627312,,595,#N/A,95,,
Esmerlyn Valdez,PIT,"1B,LF,RF",28,3,1,4,0,0.227,0.286,6,1,0,2,9,0.377,0.663,7,,7,-4.09627312,#N/A,#N/A,#N/A,96,,
Dustin Harris,CWS,LF,29,4,1,3,2,0.227,0.296,7,1,0,3,8,0.341,0.637,7,,7,-4.09627312,,597,dh,59,,
Jared Young,NYM,"1B,LF,DH",27,4,1,3,0,0.216,0.295,6,1,0,3,8,0.359,0.654,7,,7,-4.09627312,#N/A,#N/A,dh,60,,
Jonatan Clase,TOR,"LF,CF",29,4,1,3,2,0.225,0.292,7,2,0,3,9,0.339,0.631,7,,7,-4.09627312,,599,of,167,,
Bryan De La Cruz,PHI,LF,31,3,1,4,0,0.232,0.279,7,2,0,2,9,0.36,0.639,7,,7,-4.09627312,214,386,dh,61,,
Blake Dunn,CIN,"LF,RF",27,4,0,3,1,0.231,0.303,6,1,0,3,9,0.309,0.612,7,,7,-4.09627312,#N/A,#N/A,of,168,,
Vidal Brujan,NYM,"3B,SS,OF",34,4,0,3,1,0.223,0.285,8,2,0,3,8,0.306,0.591,7,,7,-4.09627312,,602,dh,62,,
DaShawn Keirsey,ATL,"LF,CF,RF",32,4,1,3,3,0.21,0.264,7,1,0,2,10,0.32,0.584,7,,7,-4.09627312,#N/A,#N/A,of,169,,
Stuart Fairchild,CLE,"LF,CF,RF",29,4,1,3,1,0.222,0.288,6,1,0,3,8,0.356,0.644,7,,7,-4.09627312,,604,of,170,,
Oscar Gonzalez,,LF,32,3,1,4,0,0.234,0.263,8,1,0,1,8,0.364,0.627,7,,7,-4.09627312,#N/A,#N/A,dh,63,,
Rafael Lantigua,TOR,"2B,3B",29,4,1,3,1,0.213,0.326,6,1,0,5,6,0.308,0.635,7,,7,-4.09627312,#N/A,#N/A,#N/A,97,,
Will Robertson,BAL,"LF,CF,RF",28,3,1,4,0,0.211,0.292,6,1,0,3,11,0.365,0.657,7,,7,-4.09627312,#N/A,#N/A,of,171,,
Hao-Yu Lee,DET,"2B,3B",24,3,1,3,1,0.238,0.312,6,1,0,3,6,0.352,0.665,6,,6,-4.127126051,#N/A,#N/A,#N/A,98,,
Eloy Jimenez,TOR,"RF,DH",27,3,1,3,0,0.24,0.293,6,1,0,2,6,0.362,0.655,6,,6,-4.127126051,264,345,#N/A,99,,
Mickey Gasper,BOS,"IF,C",24,3,1,3,0,0.225,0.308,5,1,0,3,5,0.334,0.642,6,,6,-4.127126051,#N/A,#N/A,dh,64,,
Willie MacIver,TEX,C,27,3,0,3,1,0.229,0.289,6,1,0,2,8,0.327,0.616,6,,6,-4.127126051,#N/A,#N/A,ca,63,,
Jorge Alfaro,KC,C,29,3,1,3,1,0.208,0.237,6,1,0,1,11,0.313,0.55,6,,6,-4.127126051,#N/A,#N/A,dh,65,,
Jhonny Pereda,SEA,C,36,3,0,3,0,0.22,0.301,8,2,0,4,10,0.304,0.606,6,,6,-4.127126051,#N/A,#N/A,ca,64,,
Ben Rortvedt,NYM,C,34,3,1,3,0,0.193,0.27,7,1,0,4,10,0.27,0.54,6,,6,-4.127126051,,614,ca,65,,
Enrique Bradfield Jr.,BAL,CF,29,4,0,2,4,0.23,0.326,7,1,0,4,8,0.336,0.662,6,,6,-4.127126051,,615,#N/A,100,,
Shay Whitcomb,HOU,"2B,3B",25,3,1,3,0,0.222,0.282,6,1,0,2,8,0.416,0.698,6,,6,-4.127126051,,616,dh,66,,
Payton Eeles,BAL,"2B,SS,LF",25,4,1,2,2,0.225,0.321,6,1,0,4,6,0.307,0.628,6,,6,-4.127126051,,617,#N/A,101,,
James Triantos,CHC,"2B,LF,CF",24,3,0,3,1,0.256,0.294,6,1,0,1,4,0.324,0.618,6,,6,-4.127126051,,618,#N/A,102,,
Cesar Prieto,STL,"2B,3B,SS",30,3,0,3,0,0.24,0.277,7,2,0,2,5,0.337,0.614,6,,6,-4.127126051,#N/A,#N/A,#N/A,103,,
Gustavo Campero,LAA,RF,26,3,1,3,1,0.24,0.293,6,1,0,2,6,0.343,0.636,6,,6,-4.127126051,,620,of,172,,
A.J. Vukovich,ARI,"3B,LF",25,3,1,3,0,0.233,0.284,6,1,0,2,8,0.361,0.645,6,,6,-4.127126051,#N/A,#N/A,#N/A,104,,
Nicky Lopez,COL,3B,25,3,0,2,0,0.259,0.325,6,1,0,2,4,0.297,0.622,6,,6,-4.127126051,,622,dh,67,,
Bryan Ramos,BAL,3B,30,3,1,3,0,0.211,0.268,6,1,0,2,8,0.326,0.593,6,,6,-4.127126051,,623,#N/A,105,,
Matt Koperniak,STL,"LF,RF",24,3,0,3,0,0.231,0.281,6,1,0,2,5,0.309,0.59,6,,6,-4.127126051,#N/A,#N/A,#N/A,106,,
Tristan Peters,CWS,CF,30,3,0,3,0,0.218,0.291,7,1,0,3,7,0.318,0.609,6,,6,-4.127126051,#N/A,#N/A,#N/A,107,,
Jared Serna,MIA,"2B,SS",29,3,0,3,1,0.22,0.279,6,1,0,2,6,0.294,0.573,6,,6,-4.127126051,#N/A,#N/A,#N/A,108,,
Kevin Newman,KC,"1B,2B,3B,SS",25,3,0,3,0,0.249,0.286,6,1,0,1,5,0.309,0.595,6,,6,-4.127126051,,627,3b,43,,
Garrett Stubbs,PHI,"C,DH",29,3,0,3,0,0.213,0.279,6,1,0,3,8,0.301,0.58,6,,6,-4.127126051,,628,#N/A,109,,
Tim Elko,CWS,1B,23,3,1,3,0,0.23,0.272,5,1,0,1,8,0.346,0.618,6,,6,-4.127126051,#N/A,#N/A,1b,45,,
Cavan Biggio,HOU,"1B,2B,RF",25,3,0,3,0,0.202,0.294,5,1,0,3,8,0.295,0.589,6,,6,-4.127126051,,630,#N/A,110,,
Aaron Schunk,ATL,"2B,3B,SS",35,3,1,3,1,0.223,0.275,8,2,0,3,9,0.336,0.611,6,,6,-4.127126051,,631,#N/A,111,,
Victor Mesa Jr.,TB,RF,28,3,1,3,0,0.232,0.288,7,2,0,2,6,0.364,0.652,6,,6,-4.127126051,#N/A,#N/A,dh,68,,
Jack Brannigan,PIT,"3B,SS",22,3,1,3,1,0.226,0.293,5,1,0,2,7,0.331,0.624,6,,6,-4.127126051,#N/A,#N/A,#N/A,112,,
Logan Davidson,TB,"1B,3B",26,3,1,3,1,0.219,0.314,6,1,0,4,9,0.32,0.634,6,,6,-4.127126051,#N/A,#N/A,dh,69,,
Cameron Cauley,TEX,"2B,SS,OF",27,3,1,3,1,0.217,0.273,6,1,0,2,9,0.374,0.647,6,,6,-4.127126051,#N/A,#N/A,#N/A,113,,
Elehuris Montero,,"1B,3B",24,3,1,3,0,0.232,0.284,6,1,0,2,7,0.387,0.671,6,,6,-4.127126051,#N/A,#N/A,#N/A,114,,
Carter Kieboom,CLE,"1B,2B,3B",28,3,1,3,1,0.223,0.288,6,1,0,3,6,0.316,0.604,6,,6,-4.127126051,#N/A,#N/A,#N/A,115,,
Jose Ramos,NYM,RF,26,3,1,3,0,0.213,0.286,6,1,0,3,10,0.357,0.644,6,,6,-4.127126051,#N/A,#N/A,#N/A,116,,
Carson McCusker,,"LF,RF",30,3,1,3,1,0.208,0.274,6,2,0,3,11,0.375,0.648,6,,6,-4.127126051,#N/A,#N/A,#N/A,117,,
Will Wilson,SEA,"2B,3B,SS",34,3,1,3,1,0.201,0.268,7,1,0,3,10,0.308,0.577,6,,6,-4.127126051,#N/A,#N/A,dh,70,,
J.D. Martinez,,DH,23,3,1,3,0,0.226,0.293,5,1,0,2,7,0.386,0.679,6,,6,-4.127126051,,641,#N/A,118,,
Jordyn Adams,MIL,"CF,RF",31,3,1,3,1,0.196,0.265,6,1,0,3,11,0.294,0.558,6,,6,-4.127126051,#N/A,#N/A,#N/A,119,,
Cam Devanney,,3B,31,3,1,3,1,0.208,0.286,6,2,0,3,9,0.324,0.609,6,,6,-4.127126051,#N/A,#N/A,#N/A,120,,
Brian Navarreto,MIA,C,28,3,1,3,0,0.2,0.267,6,1,0,3,7,0.293,0.559,6,,6,-4.127126051,#N/A,#N/A,dh,71,,
Nick Maton,,"3B,DH",27,3,1,3,0,0.198,0.304,5,1,0,4,8,0.327,0.631,6,,6,-4.127126051,#N/A,#N/A,dh,72,,
Ryan Noda,BAL,1B,25,4,1,2,0,0.171,0.315,4,1,0,5,11,0.331,0.646,6,,6,-4.127126051,,646,dh,73,,
Henry Bolte,ATH,RF,24,3,0,2,2,0.243,0.323,6,1,0,3,8,0.355,0.678,5,,5,-4.157978981,#N/A,#N/A,#N/A,121,,
Austin Barnes,NYM,C,28,3,0,2,0,0.206,0.273,6,1,0,3,7,0.265,0.538,5,,5,-4.157978981,,648,dh,74,,
Dairon Blanco,TEX,"LF,CF,RF",22,3,0,2,4,0.216,0.268,5,1,0,2,7,0.318,0.585,5,,5,-4.157978981,,649,dh,75,,
Luke Williams,ATL,"2B,SS",25,3,0,2,2,0.191,0.25,5,1,0,2,8,0.291,0.54,5,,5,-4.157978981,#N/A,#N/A,ss,29,,
Juan Yepez,,1B,21,2,1,3,0,0.234,0.289,5,1,0,2,4,0.374,0.663,5,,5,-4.157978981,331,320,#N/A,122,,
Michael Siani,LAD,CF,27,3,0,2,1,0.198,0.278,5,1,0,3,8,0.267,0.544,5,,5,-4.157978981,,652,#N/A,123,,
Connor Joe,SEA,"1B,LF,RF",26,3,1,2,0,0.209,0.294,5,1,0,3,7,0.323,0.617,5,,5,-4.157978981,323,330,of,173,,
Jorbit Vivas,NYY,"2B,3B",21,3,0,2,0,0.215,0.302,4,1,0,3,4,0.3,0.602,5,,5,-4.157978981,#N/A,#N/A,dh,76,,
Michael Arroyo,SEA,2B,25,3,0,2,1,0.23,0.315,6,1,0,3,6,0.315,0.63,5,,5,-4.157978981,#N/A,#N/A,#N/A,124,,
Samad Taylor,SD,"2B,RF",23,3,0,2,1,0.223,0.302,5,1,0,3,6,0.319,0.62,5,,5,-4.157978981,#N/A,#N/A,#N/A,125,,
Kahlil Watson,CLE,"LF,CF,RF",20,3,1,2,1,0.212,0.289,4,1,0,2,7,0.342,0.631,5,,5,-4.157978981,#N/A,#N/A,#N/A,126,,
Christian Franklin,WSH,"LF,CF,RF",20,3,0,2,0,0.23,0.314,5,1,0,2,6,0.305,0.619,5,,5,-4.157978981,#N/A,#N/A,#N/A,127,,
Trey Mancini,LAA,"1B,LF,RF",22,3,0,2,0,0.217,0.267,5,1,0,1,6,0.314,0.582,5,,5,-4.157978981,#N/A,#N/A,#N/A,128,,
Raynel Delgado,TB,"2B,SS",27,3,1,2,2,0.212,0.293,6,1,0,3,6,0.308,0.601,5,,5,-4.157978981,#N/A,#N/A,#N/A,129,,
Daniel Johnson,MIA,"CF,RF",26,3,1,2,1,0.215,0.266,6,1,0,2,7,0.361,0.626,5,,5,-4.157978981,#N/A,#N/A,of,174,,
Tyler Nevin,,"1B,3B,LF,RF",20,3,1,2,0,0.242,0.304,5,1,0,2,4,0.389,0.694,5,,5,-4.157978981,#N/A,#N/A,#N/A,130,,
Kenedy Corona,NYY,"LF,CF,RF",28,3,1,2,2,0.193,0.275,5,1,0,3,8,0.29,0.565,5,,5,-4.157978981,#N/A,#N/A,#N/A,131,,
Brandon Drury,KC,"1B,2B,3B",27,3,1,2,0,0.207,0.27,6,1,0,2,7,0.31,0.58,5,,5,-4.157978981,,664,#N/A,132,,
Connor Kaiser,KC,"2B,SS",28,3,1,2,1,0.185,0.289,5,1,0,4,10,0.279,0.568,5,,5,-4.157978981,#N/A,#N/A,#N/A,133,,
Joey Gallo,,"1B,LF,CF,RF",19,3,1,2,0,0.181,0.289,3,1,0,3,8,0.36,0.649,5,,5,-4.157978981,#N/A,#N/A,#N/A,134,,
Braden Shewmake,NYY,"2B,3B,SS",26,3,0,2,1,0.204,0.266,5,1,0,2,5,0.302,0.568,5,,5,-4.157978981,#N/A,#N/A,#N/A,135,,
Ryan Ward,LAD,"1B,LF,RF",17,2,1,2,0,0.21,0.278,3,1,0,2,5,0.357,0.635,4,,4,-4.188831912,#N/A,#N/A,#N/A,136,,
Matt Thaiss,BOS,C,20,2,0,2,0,0.218,0.322,4,1,0,3,6,0.314,0.637,4,,4,-4.188831912,,669,ca,66,,
Sebastian Rivero,LAA,C,17,2,0,2,0,0.203,0.233,3,1,0,1,4,0.278,0.511,4,,4,-4.188831912,#N/A,#N/A,dh,77,,
Eric Haase,SF,C,21,2,1,2,0,0.216,0.274,5,1,0,2,7,0.299,0.572,4,,4,-4.188831912,,671,ca,67,,
Shane McGuire,ATH,C,21,2,0,2,0,0.207,0.284,4,1,0,2,6,0.273,0.557,4,,4,-4.188831912,#N/A,#N/A,#N/A,137,,
Rodolfo Duran,SD,C,15,2,0,2,0,0.214,0.251,3,1,0,1,4,0.319,0.57,4,,4,-4.188831912,#N/A,#N/A,#N/A,138,,
Hector Rodriguez,CIN,"LF,RF",20,2,1,2,0,0.255,0.292,5,1,0,1,4,0.362,0.654,4,,4,-4.188831912,#N/A,#N/A,#N/A,139,,
Will Banfield,CIN,C,23,2,0,2,0,0.199,0.235,4,1,0,1,7,0.291,0.526,4,,4,-4.188831912,#N/A,#N/A,#N/A,140,,
Brandon Valenzuela,TOR,"C,1B",20,2,0,2,0,0.196,0.257,4,1,0,2,6,0.294,0.55,4,,4,-4.188831912,#N/A,#N/A,#N/A,141,,
Tomas Nido,DET,C,22,2,0,2,0,0.217,0.259,5,0,0,1,6,0.273,0.532,4,,4,-4.188831912,#N/A,#N/A,dh,78,,
Blake Hunt,SD,C,16,2,0,2,0,0.209,0.257,3,1,0,1,4,0.325,0.582,4,,4,-4.188831912,#N/A,#N/A,#N/A,142,,
Drew Romo,CWS,C,22,2,0,2,0,0.219,0.265,5,1,0,1,6,0.325,0.59,4,,4,-4.188831912,,679,#N/A,143,,
Seby Zavala,,C,13,2,0,2,0,0.175,0.252,2,0,0,1,5,0.289,0.541,4,,4,-4.188831912,#N/A,#N/A,#N/A,144,,
Hayden Senger,NYM,C,16,2,0,2,0,0.191,0.235,3,0,0,1,5,0.267,0.502,4,,4,-4.188831912,#N/A,#N/A,ca,68,,
Kemp Alderman,MIA,RF,15,2,0,2,0,0.252,0.289,4,1,0,1,4,0.343,0.632,4,,4,-4.188831912,#N/A,#N/A,#N/A,145,,
Jason Delay,BOS,C,20,2,0,2,0,0.199,0.249,4,1,0,1,4,0.26,0.509,4,,4,-4.188831912,#N/A,#N/A,#N/A,146,,
Josue Briceno,DET,"C,1B",23,2,0,2,0,0.229,0.327,5,1,0,3,7,0.363,0.69,4,,4,-4.188831912,#N/A,#N/A,#N/A,147,,
Alika Williams,PIT,"2B,SS",25,2,0,2,0,0.23,0.278,6,1,0,2,6,0.319,0.597,4,,4,-4.188831912,#N/A,#N/A,#N/A,148,,
Justin Dean,CHC,CF,18,2,0,2,1,0.195,0.273,4,1,0,2,6,0.256,0.529,4,,4,-4.188831912,#N/A,#N/A,#N/A,149,,
Weston Wilson,BAL,"2B,LF",19,2,1,2,0,0.199,0.281,4,1,0,2,6,0.324,0.605,4,,4,-4.188831912,#N/A,#N/A,of,175,,
Rhylan Thomas,SEA,"LF,RF",21,2,0,2,1,0.256,0.299,5,1,0,1,2,0.297,0.596,4,,4,-4.188831912,#N/A,#N/A,dh,79,,
Blaze Jordan,STL,"1B,3B",16,2,0,2,0,0.251,0.294,4,1,0,1,2,0.388,0.683,4,,4,-4.188831912,#N/A,#N/A,#N/A,150,,
Luis Vazquez,BAL,"3B,SS",23,2,0,2,0,0.222,0.277,5,1,0,2,6,0.324,0.601,4,,4,-4.188831912,#N/A,#N/A,dh,80,,
Vimael Machin,COL,3B,18,2,0,2,0,0.258,0.318,5,1,0,2,4,0.331,0.649,4,,4,-4.188831912,#N/A,#N/A,#N/A,151,,
Billy Cook,PIT,CF,20,2,0,2,1,0.21,0.264,4,1,0,1,6,0.313,0.577,4,,4,-4.188831912,,692,#N/A,152,,
Steward Berroa,MIL,"CF,RF",18,2,0,2,2,0.199,0.296,4,1,0,3,6,0.283,0.579,4,,4,-4.188831912,#N/A,#N/A,#N/A,153,,
Ben Cowles,CHC,"2B,3B,SS",19,2,0,2,1,0.218,0.272,4,1,0,1,6,0.312,0.585,4,,4,-4.188831912,#N/A,#N/A,#N/A,154,,
Anthony Seigler,BOS,3B,14,2,0,2,1,0.21,0.316,3,1,0,2,4,0.295,0.612,4,,4,-4.188831912,#N/A,#N/A,3b,44,,
Niko Kavadas,LAA,"1B,LF,RF",20,2,1,2,0,0.186,0.276,4,1,0,2,9,0.345,0.621,4,,4,-4.188831912,#N/A,#N/A,#N/A,155,,
Trey Lipscomb,WSH,3B,26,2,0,2,1,0.225,0.272,6,1,0,2,6,0.31,0.582,4,,4,-4.188831912,,697,#N/A,156,,
Trei Cruz,DET,"SS,LF,CF",18,2,0,2,0,0.222,0.317,4,1,0,3,6,0.326,0.643,4,,4,-4.188831912,#N/A,#N/A,#N/A,157,,
Dominic Fletcher,PIT,"CF,RF",20,2,0,2,0,0.234,0.277,5,1,0,1,5,0.317,0.594,4,,4,-4.188831912,#N/A,#N/A,dh,81,,
Eduardo Valencia,DET,"C,1B,DH",12,2,0,2,0,0.229,0.272,3,0,0,1,3,0.331,0.603,4,,4,-4.188831912,#N/A,#N/A,#N/A,158,,
Kristian Robinson,ARI,"CF,RF",13,2,0,2,0,0.203,0.289,3,0,0,2,5,0.305,0.594,4,,4,-4.188831912,#N/A,#N/A,#N/A,159,,
Ronny Simon,PIT,"2B,LF",20,2,0,2,1,0.239,0.31,5,1,0,2,4,0.345,0.655,4,,4,-4.188831912,#N/A,#N/A,dh,82,,
Marco Luciano,NYY,"2B,SS",22,2,1,2,0,0.182,0.283,4,1,0,3,9,0.293,0.576,4,,4,-4.188831912,,703,#N/A,160,,
RJ Schreck,TOR,RF,14,2,0,2,0,0.206,0.303,3,1,0,2,4,0.335,0.638,4,,4,-4.188831912,#N/A,#N/A,#N/A,161,,
Davis Wendzel,PIT,3B,15,2,0,2,0,0.205,0.268,3,1,0,1,4,0.325,0.592,4,,4,-4.188831912,#N/A,#N/A,#N/A,162,,
Ryan Fitzgerald,LAD,"2B,SS",18,2,0,2,0,0.21,0.287,4,1,0,2,5,0.328,0.615,4,,4,-4.188831912,#N/A,#N/A,dh,83,,
Ethan Murray,MIL,SS,18,2,0,2,0,0.188,0.255,3,1,0,2,6,0.307,0.561,4,,4,-4.188831912,#N/A,#N/A,#N/A,163,,
Patrick Wisdom,SEA,"1B,3B,OF",12,2,1,2,0,0.184,0.262,2,0,0,1,5,0.325,0.587,4,,4,-4.188831912,#N/A,#N/A,#N/A,164,,
Estevan Florial,,"LF,CF,RF",17,2,1,2,1,0.219,0.291,4,1,0,2,6,0.375,0.666,4,,4,-4.188831912,#N/A,#N/A,#N/A,165,,
Sandro Fabian,,"LF,RF",20,2,1,2,0,0.233,0.271,5,1,0,1,4,0.377,0.648,4,,4,-4.188831912,#N/A,#N/A,#N/A,166,,
Jason Vosler,,1B,20,2,1,2,0,0.229,0.281,5,1,0,1,5,0.381,0.662,4,,4,-4.188831912,#N/A,#N/A,#N/A,167,,
Jordan Diaz,,"1B,2B,3B",20,2,1,2,0,0.243,0.288,5,1,0,1,4,0.399,0.687,4,,4,-4.188831912,#N/A,#N/A,#N/A,168,,
Xavier Isaac,TB,1B,17,2,1,2,0,0.214,0.292,4,1,0,2,6,0.346,0.639,4,,4,-4.188831912,#N/A,#N/A,#N/A,169,,
Edward Olivares,TB,"LF,RF",18,2,1,2,0,0.235,0.288,4,1,0,1,4,0.385,0.674,4,,4,-4.188831912,#N/A,#N/A,#N/A,170,,
Jared Walsh,,"1B,RF",19,2,1,2,0,0.187,0.251,4,1,0,2,8,0.317,0.568,4,,4,-4.188831912,#N/A,#N/A,#N/A,171,,
Trey Cabbage,,"1B,LF,RF",19,2,1,2,0,0.222,0.278,4,1,0,2,7,0.38,0.659,4,,4,-4.188831912,#N/A,#N/A,#N/A,172,,
Albert Almora Jr.,,"LF,CF,RF",15,2,0,2,0,0.234,0.282,4,1,0,1,3,0.345,0.627,4,,4,-4.188831912,#N/A,#N/A,#N/A,173,,
Mitch Haniger,,RF,16,2,1,2,0,0.213,0.28,3,1,0,2,5,0.355,0.635,4,,4,-4.188831912,,718,#N/A,174,,
Jud Fabian,BAL,"LF,CF",16,2,1,2,0,0.186,0.271,3,1,0,2,6,0.323,0.594,4,,4,-4.188831912,#N/A,#N/A,#N/A,175,,
Adam Duvall,,"LF,CF,RF",20,2,1,2,0,0.208,0.263,4,1,0,1,7,0.375,0.637,4,,4,-4.188831912,#N/A,#N/A,#N/A,176,,
Michael Stefanic,ATH,2B,16,2,0,2,0,0.266,0.343,4,1,0,2,3,0.345,0.688,4,,4,-4.188831912,#N/A,#N/A,dh,84,,
Andrew Pinckney,WSH,CF,20,2,0,2,1,0.222,0.269,4,1,0,1,7,0.34,0.61,4,,4,-4.188831912,#N/A,#N/A,#N/A,177,,
Daz Cameron,,"LF,CF,RF",13,2,0,2,0,0.219,0.285,3,1,0,1,4,0.368,0.653,4,,4,-4.188831912,#N/A,#N/A,dh,85,,
Eguy Rosario,,3B,13,2,0,2,0,0.212,0.274,3,1,0,1,4,0.363,0.637,4,,4,-4.188831912,,724,#N/A,178,,
Joshua Palacios,,"LF,CF,RF",13,2,0,2,0,0.232,0.293,3,1,0,1,3,0.358,0.651,4,,4,-4.188831912,,725,#N/A,179,,
David Villar,,1B,13,2,0,2,0,0.214,0.294,3,1,0,2,5,0.367,0.662,4,,4,-4.188831912,#N/A,#N/A,dh,86,,
Oscar Colas,,"CF,RF",17,2,0,2,0,0.213,0.269,4,1,0,1,5,0.338,0.607,4,,4,-4.188831912,,727,#N/A,180,,
Owen Miller,CHC,"1B,2B",25,2,0,2,1,0.216,0.269,5,1,0,2,5,0.312,0.581,4,,4,-4.188831912,#N/A,#N/A,#N/A,181,,
Jon Singleton,,"1B,DH",14,2,0,2,0,0.2,0.296,3,1,0,2,5,0.344,0.64,4,,4,-4.188831912,,729,#N/A,182,,
Nick Pratto,TEX,1B,14,2,0,2,0,0.197,0.267,3,1,0,1,5,0.342,0.609,4,,4,-4.188831912,#N/A,#N/A,#N/A,183,,
Yunior Severino,,"1B,2B,3B",14,2,0,2,0,0.212,0.281,3,1,0,1,5,0.352,0.633,4,,4,-4.188831912,#N/A,#N/A,#N/A,184,,
David Dahl,,"LF,RF",18,2,0,2,0,0.227,0.282,4,1,0,1,5,0.362,0.644,4,,4,-4.188831912,#N/A,#N/A,#N/A,185,,
Willie Calhoun,,"RF,DH",18,2,0,2,0,0.235,0.305,4,1,0,2,3,0.357,0.662,4,,4,-4.188831912,#N/A,#N/A,#N/A,186,,
Nick Gordon,,"2B,LF,CF",15,2,0,2,0,0.226,0.265,3,1,0,1,4,0.358,0.623,4,,4,-4.188831912,#N/A,#N/A,#N/A,187,,
Nick Senzel,LAD,"3B,LF,CF,RF",15,2,0,2,0,0.212,0.28,3,1,0,1,4,0.33,0.61,4,,4,-4.188831912,#N/A,#N/A,#N/A,188,,
Andre Lipcius,,3B,15,2,0,2,0,0.216,0.283,3,1,0,1,4,0.332,0.616,4,,4,-4.188831912,#N/A,#N/A,#N/A,189,,
Brennan Milone,ATH,1B,15,2,0,2,0,0.222,0.294,3,1,0,2,4,0.344,0.638,4,,4,-4.188831912,#N/A,#N/A,#N/A,190,,
Zach Remillard,,"2B,3B,OF",19,2,0,2,0,0.208,0.271,4,1,0,2,5,0.299,0.57,4,,4,-4.188831912,#N/A,#N/A,#N/A,191,,
Elijah Dunham,LAA,LF,19,2,0,2,0,0.198,0.271,4,1,0,2,7,0.326,0.596,4,,4,-4.188831912,#N/A,#N/A,#N/A,192,,
Tucker Flint,LAA,RF,16,2,0,2,0,0.193,0.271,3,1,0,2,7,0.317,0.589,4,,4,-4.188831912,#N/A,#N/A,#N/A,193,,
Kevin Kiermaier,,CF,20,2,0,2,0,0.22,0.268,4,1,0,1,6,0.345,0.613,4,,4,-4.188831912,#N/A,#N/A,#N/A,194,,
Cole Tucker,,"3B,OF",20,2,0,2,0,0.202,0.272,4,1,0,2,6,0.285,0.557,4,,4,-4.188831912,#N/A,#N/A,#N/A,195,,
Logan Driscoll,TB,C,20,2,0,2,0,0.215,0.27,4,1,0,1,6,0.334,0.604,4,,4,-4.188831912,#N/A,#N/A,#N/A,196,,
Jesus Bastidas,MIA,SS,17,2,0,2,0,0.208,0.265,3,1,0,1,5,0.331,0.596,4,,4,-4.188831912,#N/A,#N/A,#N/A,197,,
Cooper Ingle,CLE,C,15,2,0,1,0,0.239,0.356,4,1,0,3,3,0.34,0.695,3,,3,-4.219684842,#N/A,#N/A,#N/A,198,,
Maverick Handley,BAL,C,13,2,0,1,0,0.196,0.289,3,0,0,2,4,0.255,0.544,3,,3,-4.219684842,#N/A,#N/A,#N/A,199,,
Jose Herrera,TEX,C,14,2,0,1,0,0.198,0.281,3,0,0,2,4,0.277,0.558,3,,3,-4.219684842,#N/A,#N/A,ca,69,,
Chad Wallach,ATH,C,17,1,1,2,0,0.184,0.238,3,1,0,1,6,0.315,0.553,3,,3,-4.219684842,#N/A,#N/A,#N/A,200,,
Dom Nunez,CLE,C,15,2,0,1,0,0.168,0.269,2,1,0,2,6,0.266,0.535,3,,3,-4.219684842,#N/A,#N/A,#N/A,201,,
Tsung-Che Cheng,BOS,"2B,3B,SS",18,2,0,1,1,0.201,0.271,4,1,0,2,5,0.277,0.548,3,,3,-4.219684842,#N/A,#N/A,#N/A,202,,
Josh Kasevich,TOR,"3B,SS",13,2,0,1,0,0.255,0.296,3,0,0,1,2,0.285,0.582,3,,3,-4.219684842,#N/A,#N/A,#N/A,203,,
Yohendrick Pinango,TOR,LF,14,1,1,2,0,0.203,0.308,3,1,0,2,4,0.358,0.665,3,,3,-4.219684842,#N/A,#N/A,#N/A,204,,
Harold Ramirez,,"LF,RF,DH",14,2,0,1,0,0.255,0.291,4,1,0,1,3,0.357,0.648,3,,3,-4.219684842,#N/A,#N/A,#N/A,205,,
Drew Avans,COL,"LF,CF,RF",14,2,0,1,1,0.234,0.3,3,1,0,1,4,0.343,0.643,3,,3,-4.219684842,#N/A,#N/A,#N/A,206,,
Alex Ramirez,,RF,15,2,0,1,1,0.206,0.268,3,1,0,1,4,0.297,0.564,3,,3,-4.219684842,#N/A,#N/A,#N/A,207,,
Austin Shenton,,1B,12,2,0,1,0,0.215,0.297,3,1,0,1,4,0.366,0.663,3,,3,-4.219684842,#N/A,#N/A,#N/A,208,,
Tyler Gentry,KC,RF,13,2,0,1,0,0.214,0.281,3,1,0,1,4,0.337,0.618,3,,3,-4.219684842,#N/A,#N/A,#N/A,209,,
Pedro Ramirez,CHC,"2B,3B",13,2,0,1,0,0.235,0.287,3,1,0,1,3,0.315,0.602,3,,3,-4.219684842,#N/A,#N/A,#N/A,210,,
Aramis Garcia,ARI,C,14,2,1,1,0,0.163,0.249,2,1,0,2,5,0.318,0.568,3,,3,-4.219684842,#N/A,#N/A,#N/A,211,,
Zach DeLoach,,"LF,RF",14,2,0,1,0,0.221,0.294,3,1,0,1,5,0.346,0.641,3,,3,-4.219684842,,760,#N/A,212,,
Luca Tresh,KC,C,14,1,0,2,0,0.202,0.258,3,1,0,1,4,0.349,0.607,3,,3,-4.219684842,#N/A,#N/A,#N/A,213,,
Matthew Batten,,1B,16,2,0,1,0,0.198,0.26,3,1,0,1,5,0.288,0.548,3,,3,-4.219684842,#N/A,#N/A,#N/A,214,,
Blake Sabol,TB,C,12,1,0,1,0,0.203,0.269,2,0,0,1,4,0.324,0.593,2,,2,-4.250537773,#N/A,#N/A,#N/A,215,,
Sam Huff,BAL,C,11,1,0,1,0,0.198,0.253,2,0,0,1,4,0.321,0.574,2,,2,-4.250537773,#N/A,#N/A,ca,70,,
Eliezer Alfonzo,LAD,C,8,1,0,1,0,0.231,0.275,2,0,0,0,1,0.318,0.593,2,,2,-4.250537773,#N/A,#N/A,#N/A,216,,
Sandy Leon,ATL,C,14,1,0,1,0,0.157,0.232,2,0,0,1,5,0.281,0.513,2,,2,-4.250537773,#N/A,#N/A,#N/A,217,,
Nick Morabito,NYM,CF,12,1,0,1,1,0.24,0.292,3,0,0,1,3,0.325,0.617,2,,2,-4.250537773,#N/A,#N/A,#N/A,218,,
Jose Azocar,ATL,"LF,CF,RF",12,1,0,1,0,0.252,0.282,3,0,0,1,3,0.293,0.574,2,,2,-4.250537773,#N/A,#N/A,dh,87,,
Scott Kingery,CHC,"2B,SS",12,1,0,1,0,0.198,0.247,2,0,0,1,4,0.313,0.56,2,,2,-4.250537773,,769,#N/A,219,,
Nate Furman,SF,2B,8,1,0,1,0,0.247,0.318,2,0,0,1,2,0.353,0.672,2,,2,-4.250537773,#N/A,#N/A,#N/A,220,,
Emmanuel Rivera,,"1B,3B",13,1,0,1,0,0.236,0.289,3,1,0,1,3,0.339,0.628,2,,2,-4.250537773,,771,3b,45,,
Luken Baker,ARI,"1B,DH",10,1,0,1,0,0.209,0.288,2,0,0,1,3,0.364,0.651,2,,2,-4.250537773,,772,dh,88,,
Vinny Capra,BOS,"3B,SS",10,1,0,1,0,0.227,0.286,2,0,0,1,3,0.322,0.608,2,,2,-4.250537773,#N/A,#N/A,3b,46,,
Oliver Dunn,CWS,3B,11,1,0,1,0,0.198,0.267,2,0,0,1,4,0.32,0.587,2,,2,-4.250537773,#N/A,#N/A,dh,89,,
Leandro Cedeno,SD,1B,6,1,0,1,0,0.239,0.281,1,0,0,0,2,0.372,0.653,2,,2,-4.250537773,#N/A,#N/A,#N/A,221,,
Grae Kessinger,NYM,"2B,3B",10,1,0,1,0,0.193,0.263,2,0,0,1,3,0.286,0.549,2,,2,-4.250537773,#N/A,#N/A,#N/A,222,,
Sergio Alcantara,WSH,"2B,3B,SS",11,1,0,1,0,0.199,0.286,2,0,0,1,3,0.265,0.551,2,,2,-4.250537773,#N/A,#N/A,#N/A,223,,
Jose Barrero,BAL,"SS,CF",9,1,0,1,0,0.191,0.24,2,0,0,1,3,0.311,0.551,2,,2,-4.250537773,#N/A,#N/A,dh,90,,
Cristian Pache,NYM,"LF,CF",10,1,0,1,0,0.19,0.27,2,0,0,1,4,0.268,0.538,2,,2,-4.250537773,#N/A,#N/A,#N/A,224,,
Tristin English,ATL,"1B,3B,RF",6,1,0,1,0,0.228,0.266,1,0,0,0,1,0.346,0.612,2,,2,-4.250537773,#N/A,#N/A,#N/A,225,,
Jack Winkler,HOU,"2B,3B,SS",11,1,0,1,1,0.196,0.251,2,0,0,1,3,0.259,0.511,2,,2,-4.250537773,#N/A,#N/A,dh,91,,
Forrest Wall,,LF,11,1,0,1,1,0.228,0.295,3,0,0,1,3,0.332,0.627,2,,2,-4.250537773,#N/A,#N/A,#N/A,226,,
Taylor Young,LAD,2B,13,1,0,1,1,0.205,0.284,3,1,0,1,4,0.28,0.563,2,,2,-4.250537773,#N/A,#N/A,#N/A,227,,
Riley Tirotta,TOR,3B,7,1,0,1,0,0.207,0.284,2,0,0,1,3,0.318,0.602,2,,2,-4.250537773,#N/A,#N/A,#N/A,228,,
Jadher Areinamo,TB,"2B,3B,SS",7,1,0,1,0,0.24,0.284,2,0,0,0,1,0.34,0.624,2,,2,-4.250537773,#N/A,#N/A,#N/A,229,,
Luis Guillorme,,"2B,3B",11,1,0,1,0,0.225,0.313,3,0,0,1,3,0.298,0.611,2,,2,-4.250537773,#N/A,#N/A,#N/A,230,,
Buddy Kennedy,SF,3B,11,1,0,1,0,0.235,0.314,3,0,0,1,3,0.33,0.644,2,,2,-4.250537773,#N/A,#N/A,#N/A,231,,
Carlos Mendoza,TOR,3B,11,1,0,1,0,0.233,0.317,3,0,0,1,2,0.319,0.636,2,,2,-4.250537773,#N/A,#N/A,#N/A,232,,
Billy McKinney,,"LF,RF",16,1,1,1,0,0.173,0.259,3,1,0,2,5,0.326,0.586,2,,2,-4.250537773,#N/A,#N/A,dh,92,,
Jase Bowen,SD,CF,8,1,0,1,0,0.227,0.282,2,1,0,1,3,0.348,0.629,2,,2,-4.250537773,#N/A,#N/A,#N/A,233,,
Kevin Pillar,,"LF,CF,RF",12,1,0,1,0,0.221,0.264,3,1,0,1,3,0.346,0.61,2,,2,-4.250537773,#N/A,#N/A,dh,93,,
Pablo Reyes,SD,"2B,3B,RF",12,1,0,1,0,0.228,0.293,3,1,0,1,3,0.343,0.636,2,,2,-4.250537773,#N/A,#N/A,dh,94,,
Ali Sanchez,NYY,C,12,1,0,1,0,0.219,0.274,3,0,0,1,3,0.315,0.589,2,,2,-4.250537773,#N/A,#N/A,#N/A,234,,
Luis De Los Santos,,3B,12,1,0,1,0,0.209,0.259,3,0,0,1,4,0.306,0.565,2,,2,-4.250537773,#N/A,#N/A,#N/A,235,,
Paul McIntosh,PHI,C,9,1,0,1,0,0.215,0.286,2,0,0,1,3,0.328,0.614,2,,2,-4.250537773,#N/A,#N/A,#N/A,236,,
Eddie Rosario,,"LF,CF,RF,DH",13,1,0,1,0,0.22,0.273,3,1,0,1,3,0.362,0.636,2,,2,-4.250537773,#N/A,#N/A,#N/A,237,,
Jamie Westbrook,,"2B,RF",13,1,0,1,0,0.222,0.289,3,1,0,1,3,0.321,0.611,2,,2,-4.250537773,#N/A,#N/A,#N/A,238,,
Bobby Dalbec,,"1B,3B",13,1,0,1,0,0.195,0.262,3,0,0,1,6,0.333,0.595,2,,2,-4.250537773,#N/A,#N/A,dh,95,,
Alan Trejo,,"2B,SS",13,1,0,1,0,0.218,0.262,3,1,0,1,4,0.341,0.603,2,,2,-4.250537773,#N/A,#N/A,dh,96,,
Rene Pinto,PHI,C,13,1,0,1,0,0.207,0.25,3,1,0,1,5,0.357,0.607,2,,2,-4.250537773,#N/A,#N/A,#N/A,239,,
Gage Workman,DET,"3B,SS,LF,CF,RF",13,1,0,1,0,0.198,0.262,3,1,0,1,5,0.333,0.596,2,,2,-4.250537773,#N/A,#N/A,#N/A,240,,
Darren Baker,CWS,2B,13,1,0,1,0,0.229,0.286,3,0,0,1,3,0.289,0.575,2,,2,-4.250537773,#N/A,#N/A,#N/A,241,,
Justice Bigbie,DET,"LF,RF",13,1,0,1,0,0.236,0.297,3,1,0,1,3,0.333,0.629,2,,2,-4.250537773,#N/A,#N/A,#N/A,242,,
Brennen Davis,SEA,LF,10,1,0,1,0,0.185,0.275,2,0,0,1,4,0.276,0.551,2,,2,-4.250537773,#N/A,#N/A,#N/A,243,,
Sean Bouchard,,"LF,RF",10,1,0,1,0,0.202,0.296,2,0,0,1,4,0.348,0.643,2,,2,-4.250537773,#N/A,#N/A,dh,97,,
Jonathan Ornelas,NYY,"3B,SS",14,1,0,1,0,0.196,0.258,3,0,0,1,4,0.291,0.549,2,,2,-4.250537773,#N/A,#N/A,#N/A,244,,
P.J. Higgins,CIN,"C,1B",14,1,0,1,0,0.22,0.27,3,1,0,1,4,0.327,0.596,2,,2,-4.250537773,#N/A,#N/A,#N/A,245,,
J.D. Davis,,"1B,3B",11,1,0,1,0,0.221,0.287,2,0,0,1,3,0.345,0.632,2,,2,-4.250537773,#N/A,#N/A,#N/A,246,,
Mike Ford,,"1B,DH",11,1,0,1,0,0.204,0.277,2,0,0,1,3,0.34,0.617,2,,2,-4.250537773,#N/A,#N/A,#N/A,247,,
Sam Hilliard,,"LF,CF,RF",11,1,0,1,0,0.214,0.287,2,0,0,1,4,0.381,0.667,2,,2,-4.250537773,,810,dh,98,,
Brewer Hicklen,ATL,"CF,RF",11,1,0,1,0,0.197,0.265,2,0,0,1,4,0.35,0.615,2,,2,-4.250537773,#N/A,#N/A,dh,99,,
Brian Serven,ATH,C,11,1,0,1,0,0.179,0.248,2,0,0,1,4,0.264,0.511,2,,2,-4.250537773,#N/A,#N/A,#N/A,248,,
Jacob Amaya,ARI,SS,11,1,0,1,0,0.206,0.278,2,0,0,1,3,0.3,0.578,2,,2,-4.250537773,#N/A,#N/A,ss,30,,
David Hensley,,"2B,RF",11,1,0,1,0,0.197,0.293,2,1,0,2,4,0.298,0.591,2,,2,-4.250537773,#N/A,#N/A,#N/A,249,,
Sam Brown,WSH,1B,11,1,0,1,0,0.224,0.289,2,1,0,1,3,0.337,0.626,2,,2,-4.250537773,#N/A,#N/A,#N/A,250,,
Frederick Bencosme,BAL,"2B,SS",11,1,0,1,0,0.218,0.274,2,1,0,1,2,0.309,0.583,2,,2,-4.250537773,#N/A,#N/A,#N/A,251,,
Travis Blankenhorn,,"LF,DH",12,1,0,1,0,0.198,0.261,2,1,0,1,4,0.345,0.605,2,,2,-4.250537773,#N/A,#N/A,#N/A,252,,
Jack Lopez,,2B,12,1,0,1,0,0.209,0.241,2,0,0,0,4,0.303,0.544,2,,2,-4.250537773,#N/A,#N/A,#N/A,253,,
Zack Short,NYY,"3B,SS",12,1,0,1,0,0.183,0.285,2,0,0,2,4,0.309,0.594,2,,2,-4.250537773,#N/A,#N/A,ss,31,,
Clay Dungan,SD,SS,12,1,0,1,0,0.198,0.272,2,1,0,1,4,0.31,0.582,2,,2,-4.250537773,#N/A,#N/A,#N/A,254,,
Wilfred Veras,CWS,"LF,RF",12,1,0,1,0,0.213,0.259,2,1,0,1,4,0.333,0.592,2,,2,-4.250537773,#N/A,#N/A,#N/A,255,,
Terrell Tatum,,LF,12,1,0,1,0,0.2,0.283,2,0,0,1,4,0.292,0.575,2,,2,-4.250537773,#N/A,#N/A,#N/A,256,,
Luke Ritter,,3B,13,1,0,1,0,0.193,0.267,2,0,0,1,5,0.314,0.581,2,,2,-4.250537773,#N/A,#N/A,#N/A,257,,
Chuckie Robinson,LAD,C,17,1,0,1,0,0.196,0.248,3,1,0,1,5,0.261,0.509,2,,2,-4.250537773,#N/A,#N/A,#N/A,258,,