Player,Team,Positions,IP,K,W,SV,ERA,WHIP,ER,H,BB,HR,G,GS,L,CG,2026 proj Pts,Pts/ip,2025 proj pts,Diff,Rotation Rank,sp z,ADP,DIff,Frozen,35.99704685,,,
Tarik Skubal,DET,SP,193.3,234,14,0,2.72,0.97,58,148,40,18,31,31,7,1,279,1.443352302,252,27,1,3.728257225,3,-2,y,144.79375,,,
Paul Skenes,PIT,SP,186,221,13,0,2.79,1.04,58,146,48,15,31,31,7,1,262,1.408602151,245,17,1,3.255996262,2,0,,,,,
Garrett Crochet,BOS,SP,189.4,231,14,0,3.01,1.07,63,153,49,20,31,31,8,1,261,1.378035903,233,28,1,3.228216206,7,-4,y,,,,
Cristopher Sanchez,PHI,SP,191.7,188,13,0,3.19,1.14,68,172,47,16,31,31,8,1,242,1.26238915,228,14,1,2.70039513,68,-64,y,,,,
Logan Webb,SF,SP,197.4,188,13,0,3.28,1.17,72,186,45,16,32,31,9,1,239,1.210739615,,239,1,2.61705496,31,-26,,,,,
Bryan Woo,SEA,SP,186.9,189,13,0,3.4,1.05,71,157,40,24,31,31,9,0,235,1.257356875,216,19,1,2.505934733,58,-52,y,,,,
Max Fried,NYY,SP,183,173,14,0,3.31,1.17,67,160,54,17,30,30,8,1,228,1.245901639,205,23,1,2.311474337,27,-20,y,,,,
Framber Valdez,DET,SP,191.4,179,13,0,3.49,1.23,74,171,64,16,30,30,9,2,224,1.170323929,194,30,2,2.20035411,17,-9,y,,,,
Hunter Brown,HOU,SP,179.7,194,12,0,3.44,1.18,69,152,59,19,31,30,8,1,203,1.129660545,224,-21,1,1.616972921,44,-35,y,,,,
Chris Sale,ATL,SP,159.4,195,11,0,3.23,1.1,57,132,43,17,27,27,6,0,197,1.235884567,,197,1,1.450292581,8,2,y,,,,
Jesus Luzardo,PHI,SP,177.2,197,12,0,3.66,1.18,72,154,55,22,31,30,9,0,197,1.111738149,,197,2,1.450292581,107,-96,y,,,,
Logan Gilbert,SEA,SP,165.4,185,11,0,3.38,1.06,62,136,39,21,29,29,7,1,195,1.178960097,,195,2,1.394732468,5,7,,,12.22489367,13.31741719,29.03082715
Nathan Eovaldi,TEX,SP,162.3,156,11,0,3.62,1.14,65,144,41,19,27,27,8,1,193,1.189155884,,193,1,1.339172355,84,-71,,,,,
Yoshinobu Yamamoto,LAD,SP,159.6,174,12,0,3.27,1.11,58,130,48,16,27,27,6,0,192,1.203007519,226,-34,1,1.311392298,15,-1,y,,,,
George Kirby,SEA,SP,171.1,168,12,0,3.55,1.11,68,156,33,20,30,30,8,0,191,1.116306254,,191,3,1.283612242,14,1,,,,,
Cole Ragans,KC,SP,155.9,194,11,0,3.38,1.15,59,124,55,17,27,28,7,0,190,1.218729955,,190,1,1.255832185,10,6,,,,,
Dylan Cease,TOR,SP,170.2,200,11,0,3.69,1.22,70,142,65,20,31,30,9,0,190,1.116333725,,190,1,1.255832185,9,8,,,,,
Jacob deGrom,TEX,SP,162.8,180,11,0,3.48,1.06,63,134,39,22,28,28,8,0,187,1.148648649,,187,2,1.172492015,20,-2,,,,,
Sonny Gray,BOS,SP,171.5,180,11,0,3.74,1.2,71,160,45,21,30,30,9,0,186,1.084548105,,186,2,1.144711958,39,-20,,,,,
Freddy Peralta,NYM,SP,165.4,183,12,0,3.78,1.2,69,137,61,22,30,30,8,0,185,1.118500605,203,-18,1,1.116931902,37,-17,y,,,,
Joe Ryan,MIN,SP,168.5,185,11,0,3.8,1.1,71,146,40,25,29,29,9,0,184,1.091988131,,184,1,1.089151845,41,-20,,,,,
Zack Wheeler,PHI,SP,141.3,161,10,0,3.28,1.08,51,115,37,16,23,23,6,0,184,1.302193914,,184,3,1.089151845,4,18,,,,,
Kevin Gausman,TOR,SP,179.1,175,12,0,3.93,1.21,78,164,53,24,30,30,9,1,183,1.021775544,,183,2,1.061371789,56,-33,,,,,
Luis Castillo,SEA,SP,178.7,167,11,0,3.88,1.19,77,162,51,25,31,30,9,0,182,1.018466704,,182,4,1.033591732,30,-6,,,,,
Nick Pivetta,SD,SP,169.6,183,10,0,3.91,1.16,74,145,51,26,29,29,9,0,179,1.055424528,,179,1,0.950251562,85,-60,,,,,
Tanner Bibee,CLE,SP,177.2,166,11,0,3.94,1.22,78,164,53,24,30,30,10,1,178,1.004514673,,178,1,0.9224715054,35,-9,,,,,
Zac Gallen,ARI,SP,179.6,168,12,0,4.12,1.27,82,170,58,23,31,31,10,0,176,0.9799554566,,176,1,0.8669113922,40,-13,,,,,
Ranger Suarez,BOS,SP,167,150,11,0,3.67,1.25,68,161,47,17,28,28,8,0,175,1.047904192,,175,3,0.8391313355,98,-70,,,,,
Spencer Strider,ATL,SP,158.3,187,11,0,3.95,1.21,69,137,56,21,28,28,9,0,173,1.092861655,,173,2,0.7835712223,50,-21,,,,,
MacKenzie Gore,TEX,SP,160.1,181,10,0,3.88,1.25,69,140,60,20,29,29,9,0,173,1.080574641,,173,3,0.7835712223,86,-56,,,,,
Ryan Pepiot,TB,SP,167.5,171,10,0,4.05,1.22,75,145,59,25,31,31,10,0,172,1.026865672,,172,1,0.7557911656,77,-46,,,,,
Drew Rasmussen,TB,SP,154.2,139,10,0,3.64,1.17,62,139,41,18,30,30,8,0,171,1.108949416,,171,2,0.728011109,105,-73,,,,,
Jose Soriano,LAA,SP,170.2,155,10,0,3.82,1.34,72,155,72,14,31,30,10,0,171,1.004700353,,171,1,0.728011109,166,-133,,,,,
Gavin Williams,CLE,SP,166.1,169,10,0,3.98,1.31,73,146,71,21,30,30,9,0,170,1.023479831,,170,2,0.7002310524,114,-80,,,,,
Michael King,SD,SP,157.5,165,10,0,3.81,1.24,67,139,56,20,28,29,8,1,168,1.066666667,,168,2,0.6446709391,18,17,,,,,
Sandy Alcantara,MIA,SP,179.5,149,10,0,4.13,1.27,82,174,53,21,30,30,11,1,168,0.9359331476,,168,1,0.6446709391,62,-26,,,,,
Robbie Ray,SF,SP,171.1,177,10,0,4.19,1.28,80,153,66,25,30,30,10,1,167,0.976037405,,167,2,0.6168908825,74,-37,,,,,
Matthew Boyd,CHC,SP,162.8,147,11,0,3.92,1.21,71,150,47,21,28,28,9,0,165,1.013513514,,165,1,0.5613307692,133,-95,,,,,
Aaron Nola,PHI,SP,169,167,10,0,4.14,1.22,78,161,45,25,29,29,9,0,164,0.9704142012,,164,4,0.5335507126,24,15,,,,,
Jack Flaherty,DET,SP,158.3,174,10,0,4.01,1.25,71,142,55,21,29,29,9,0,163,1.029690461,,163,3,0.505770656,51,-11,,,,,
Brandon Woodruff,MIL,SP,147,156,10,0,3.76,1.13,61,127,40,21,27,27,8,0,162,1.102040816,,162,1,0.4779905994,88,-47,,,,,
Mitch Keller,PIT,SP,175.9,154,10,0,4.28,1.29,84,175,53,22,31,31,11,0,162,0.9209778283,,162,2,0.4779905994,99,-57,,,,,
David Peterson,NYM,SP,161.7,145,10,0,3.94,1.34,71,155,62,16,29,29,8,1,161,0.9956709957,,161,2,0.4502105427,140,-97,,,,,
Brady Singer,CIN,SP,168.5,157,10,0,4.35,1.3,81,164,55,24,31,31,11,0,159,0.943620178,,159,1,0.3946504295,124,-80,,,,,
Blake Snell,LAD,SP,130.9,162,10,0,3.45,1.22,50,102,57,14,23,23,6,0,158,1.207028266,,158,2,0.3668703728,13,32,,,,,
Andrew Abbott,CIN,SP,167.1,152,10,0,4.2,1.26,78,158,52,26,29,29,9,1,158,0.9455415919,,158,2,0.3668703728,185,-139,,,,,
Yusei Kikuchi,LAA,SP,167,168,9,0,4.27,1.32,79,161,60,25,31,30,10,0,158,0.9461077844,,158,2,0.3668703728,60,-13,,,,,
Kyle Bradish,BAL,SP,138.1,149,9,0,3.59,1.18,55,119,44,15,25,26,7,0,157,1.13685735,,157,1,0.3390903162,,48,,,,,
Nick Lodolo,CIN,SP,152.4,155,9,0,4.03,1.19,68,141,41,21,28,28,9,1,156,1.023622047,,156,3,0.3113102596,96,-47,,,,,
Merrill Kelly,ARI,SP,159.8,143,10,0,4.05,1.26,72,153,48,21,28,27,8,0,156,0.9762202753,,156,2,0.3113102596,116,-66,,,,,
Nolan McLean,NYM,SP,150.5,145,10,0,3.82,1.28,64,134,58,16,26,26,8,0,155,1.029900332,,155,3,0.283530203,#N/A,#N/A,,,,,
Shota Imanaga,CHC,SP,154.8,142,10,0,4.09,1.15,70,144,34,27,27,27,8,0,155,1.00129199,,155,2,0.283530203,22,30,,,,,
Cody Ponce,TOR,"SP,RP",145,149,8,0,4.07,1.25,66,135,46,20,39,22,8,0,155,1.068965517,,155,3,0.283530203,#N/A,#N/A,,,,,
Chris Bassitt,BAL,SP,168.1,151,10,0,4.3,1.32,80,165,58,23,33,29,10,1,154,0.9161213563,,154,2,0.2557501463,115,-61,,,,,
Carlos Rodon,NYY,SP,145.3,152,10,0,3.99,1.22,64,124,53,20,26,26,8,0,152,1.046111493,,152,2,0.2001900331,53,2,,,,,
Brandon Pfaadt,ARI,SP,164.8,145,10,0,4.38,1.26,80,170,39,24,29,29,10,0,152,0.9223300971,,152,3,0.2001900331,66,-10,,,,,
Emmet Sheehan,LAD,SP,134.5,156,9,0,3.81,1.16,57,111,45,19,34,24,6,0,150,1.115241636,,150,3,0.1446299198,#N/A,#N/A,,,,,
Michael Wacha,KC,SP,165.8,129,10,0,4.32,1.29,80,165,49,22,29,29,10,0,150,0.9047044632,,150,2,0.1446299198,100,-42,,,,,
Shohei Ohtani,LAD,"SP,DH",118.8,143,9,0,3.37,1.11,44,93,39,14,23,23,5,1,149,1.254208754,263,-114,4,0.1168498632,1,58,y,101.675,,,
Eury Perez,MIA,SP,137.5,151,8,0,3.91,1.18,60,115,47,19,27,27,8,0,149,1.083636364,,149,2,0.1168498632,152,-92,,,,,
Shane Smith,CWS,SP,157.9,150,8,0,4.22,1.28,74,143,59,21,29,29,10,0,149,0.9436352122,,149,1,0.1168498632,#N/A,#N/A,,,,,
Clay Holmes,NYM,SP,151.8,124,10,0,3.95,1.35,67,147,57,14,28,27,9,0,149,0.9815546772,,149,4,0.1168498632,113,-51,,,,,
Tyler Glasnow,LAD,SP,130.2,152,9,0,3.64,1.17,53,105,48,16,23,23,6,0,147,1.129032258,,147,5,0.06128974994,33,30,,,,,
Edward Cabrera,CHC,SP,138,148,9,0,3.9,1.24,60,117,54,16,26,26,7,0,147,1.065217391,,147,3,0.06128974994,189,-125,,,,,
Shane Baz,BAL,SP,151.9,149,9,0,4.2,1.27,71,140,54,21,28,28,9,0,147,0.9677419355,,147,3,0.06128974994,72,-7,,,,,
Kris Bubic,KC,SP,141.3,138,9,0,3.77,1.26,59,131,47,15,30,25,7,0,147,1.040339703,,147,3,0.06128974994,215,-149,,,,,
Brayan Bello,BOS,SP,157.1,128,10,0,4.26,1.34,74,156,55,18,28,28,9,0,147,0.935709739,,147,4,0.06128974994,126,-59,,,,,
Bailey Ober,MIN,SP,157.1,142,9,0,4.36,1.21,76,152,38,26,28,28,9,1,147,0.935709739,,147,2,0.06128974994,32,36,,,,,
Joey Cantillo,CLE,"SP,RP",132.4,140,7,0,3.89,1.31,57,116,57,16,43,21,7,0,146,1.102719033,,146,3,0.03350969331,226,-157,,,,,
Jacob Misiorowski,MIL,SP,136.7,157,9,0,3.96,1.28,60,111,64,17,30,25,8,0,145,1.060716898,,145,2,0.00572963668,208,-138,,,,,
Jack Leiter,TEX,SP,152.7,147,9,0,4.3,1.3,73,136,62,21,29,28,9,0,145,0.9495743287,,145,4,0.00572963668,204,-133,,,,,
Ryne Nelson,ARI,"SP,RP",156.4,129,9,0,4.19,1.26,73,154,43,21,33,27,8,0,144,0.9207161125,,144,4,-0.02205041995,207,-135,,,,,
Trevor Rogers,BAL,SP,144.3,125,9,0,4.07,1.28,65,138,47,17,26,26,8,1,142,0.9840609841,,142,4,-0.0776105332,263,-190,,,,,
Joe Musgrove,SD,SP,140.9,134,8,0,3.93,1.2,62,132,36,19,25,25,8,0,142,1.007806955,,142,3,-0.0776105332,#N/A,#N/A,,,,,
Sean Manaea,NYM,"SP,RP",126.9,132,8,0,4.07,1.21,57,113,40,18,35,21,7,0,142,1.118991332,,142,5,-0.0776105332,67,8,,,,,
Seth Lugo,KC,SP,159.1,134,9,0,4.43,1.32,78,159,52,23,28,28,9,0,142,0.8925204274,,142,4,-0.0776105332,59,17,,,,,
Luis Severino,ATH,SP,168.7,135,9,0,4.57,1.34,86,171,54,24,29,29,11,0,142,0.8417308832,,142,1,-0.0776105332,120,-43,,,,,
Shane McClanahan,TB,SP,128.4,136,8,0,3.63,1.17,52,111,39,16,23,23,7,0,141,1.098130841,,141,3,-0.1053905898,52,26,,,,,
Casey Mize,DET,SP,143.7,125,9,0,4.13,1.26,66,142,40,19,27,27,8,0,141,0.9812108559,,141,4,-0.1053905898,198,-119,,,,,
Tatsuya Imai,HOU,SP,146.8,149,8,0,4.29,1.33,70,133,63,19,26,26,7,3,140,0.9536784741,,140,2,-0.1331706465,#N/A,#N/A,,,,,
Bryce Miller,SEA,SP,141.7,126,9,0,4.14,1.21,65,130,42,21,26,26,8,0,140,0.9880028229,,140,5,-0.1331706465,28,53,,,,,
Jeffrey Springs,ATH,SP,162.3,138,9,0,4.61,1.32,83,162,52,27,29,29,10,0,140,0.8626001232,,140,2,-0.1331706465,150,-68,,,,,
Nick Martinez,TB,"SP,RP",144.5,112,8,0,4.33,1.28,70,145,39,19,41,22,9,0,140,0.9688581315,,140,4,-0.1331706465,123,-40,,,,,
Bubba Chandler,PIT,SP,144.1,136,8,0,4.19,1.31,67,135,54,18,33,26,8,0,138,0.9576682859,,138,3,-0.1887307597,129,-45,,,,,
Noah Cameron,KC,SP,147.8,125,9,0,4.25,1.3,70,144,49,20,27,27,9,0,138,0.9336941813,,138,5,-0.1887307597,,85,,,,,
Matthew Liberatore,STL,SP,148,122,8,0,4.34,1.31,71,147,46,19,28,28,10,0,137,0.9256756757,,137,1,-0.2165108163,,86,,,,,
Jameson Taillon,CHC,SP,149.5,116,9,0,4.44,1.24,74,149,36,24,26,27,9,0,136,0.9096989967,,136,4,-0.244290873,136,-49,,,,,
Slade Cecconi,CLE,SP,152.1,127,8,0,4.49,1.26,76,153,39,25,28,28,10,0,135,0.8875739645,,135,4,-0.2720709296,,88,,,,,
Trey Yesavage,TOR,SP,124.5,143,7,0,3.8,1.24,53,102,53,15,31,23,6,0,134,1.076305221,,134,4,-0.2998509862,#N/A,#N/A,,,,,
Reynaldo Lopez,ATL,SP,131.8,133,8,0,3.96,1.27,58,121,46,16,31,23,7,0,134,1.016691958,,134,3,-0.2998509862,61,29,,,,,
Reid Detmers,LAA,RP,136.4,150,8,0,4.2,1.28,64,124,50,19,31,24,8,0,134,0.9824046921,,134,3,-0.2998509862,211,-120,,,,,
Grant Holmes,ATL,SP,128.3,128,7,0,4.23,1.33,60,122,49,17,32,21,7,0,133,1.036632892,,133,4,-0.3276310429,137,-45,,,,,
Dustin May,STL,SP,147.2,131,8,0,4.33,1.31,71,138,54,18,30,25,9,0,133,0.9035326087,,133,2,-0.3276310429,149,-56,,,,,
Chase Burns,CIN,"SP,RP",115.1,138,7,0,3.63,1.16,46,98,36,15,26,21,6,1,132,1.146828844,,132,4,-0.3554110995,229,-135,,,,,
Chad Patrick,MIL,SP,140.8,133,8,0,4.34,1.28,68,133,47,22,27,26,8,0,132,0.9375,,132,3,-0.3554110995,#N/A,#N/A,,,,,
Mike Burrows,HOU,"SP,RP",131.4,131,7,0,4.14,1.26,60,121,45,19,30,25,7,0,131,0.99695586,,131,3,-0.3831911561,#N/A,#N/A,,,,,
Cam Schlittler,NYY,SP,127.1,127,8,0,4.01,1.28,57,114,49,16,24,24,7,0,130,1.02281668,,130,3,-0.4109712127,#N/A,#N/A,,,,,
Cade Horton,CHC,SP,129.5,113,8,0,4.04,1.25,58,118,43,17,24,24,7,0,130,1.003861004,,130,5,-0.4109712127,,98,,,,,
Shane Bieber,TOR,SP,116,107,7,0,3.8,1.18,49,109,28,15,25,19,6,0,130,1.120689655,,130,5,-0.4109712127,145,-46,,,,,
Gerrit Cole,NYY,SP,123,124,8,0,3.85,1.17,53,108,36,17,21,21,6,1,129,1.048780488,,129,4,-0.4387512694,12,88,,,,,
Quinn Priester,MIL,"SP,RP",135,112,8,0,4.12,1.3,62,131,44,16,24,24,8,0,128,0.9481481481,,128,4,-0.466531326,,101,,,,,
Zach Eflin,BAL,SP,142.1,110,9,0,4.39,1.24,69,149,28,22,29,24,8,0,128,0.9007741027,,128,5,-0.466531326,75,27,,,,,
Braxton Ashcraft,PIT,"SP,RP",131.9,119,7,0,3.93,1.29,58,129,42,14,37,22,7,0,127,0.9628506444,,127,4,-0.4943113826,#N/A,#N/A,,,,,
Adrian Houser,SF,SP,143.8,104,8,0,4.37,1.37,70,149,48,16,26,26,9,0,127,0.8831710709,,127,3,-0.4943113826,#N/A,#N/A,,,,,
Tyler Mahle,SF,SP,130.5,108,8,0,4.12,1.28,60,127,41,16,24,24,8,0,126,0.9655172414,,126,4,-0.5220914393,221,-116,,,,,
Justin Verlander,DET,SP,139.6,116,8,0,4.42,1.31,69,137,46,20,26,26,8,0,126,0.9025787966,,126,5,-0.5220914393,135,-29,,,,,
Steven Matz,TB,RP,124,105,6,0,4.17,1.28,57,124,34,17,35,20,7,0,126,1.016129032,,126,5,-0.5220914393,,107,,,,,
Kodai Senga,NYM,SP,122.6,123,8,0,3.96,1.31,54,107,54,14,29,21,6,0,125,1.019575856,,125,6,-0.5498714959,55,53,,,,,
Foster Griffin,WSH,RP,133.8,123,7,0,4.15,1.28,62,128,42,17,29,23,8,0,125,0.9342301943,,125,1,-0.5498714959,#N/A,#N/A,,,,,
Davis Martin,CWS,SP,149.4,116,7,0,4.62,1.36,77,151,52,21,28,28,10,0,125,0.8366800535,,125,2,-0.5498714959,,110,,,,,
Michael McGreevy,STL,SP,135.7,94,8,0,4.15,1.29,63,141,33,16,28,23,8,0,124,0.9137803979,,124,3,-0.5776515525,233,-122,,,,,
Taj Bradley,MIN,SP,133.2,127,7,0,4.33,1.3,64,126,47,19,30,24,8,0,124,0.9309309309,,124,3,-0.5776515525,78,34,,,,,
Grayson Rodriguez,LAA,SP,119.9,128,7,0,3.95,1.24,53,109,40,16,22,22,7,0,123,1.025854879,,123,4,-0.6054316091,43,70,,,,,
Cade Cavalli,WSH,SP,133.8,114,7,0,4.29,1.34,64,132,47,16,25,25,8,0,123,0.9192825112,,123,2,-0.6054316091,267,-153,,,,,
Braxton Garrett,MIA,SP,122.6,110,7,0,3.95,1.22,54,121,29,15,29,22,7,1,123,1.003262643,,123,3,-0.6054316091,#N/A,#N/A,,,,,
Cristian Javier,HOU,SP,140,128,8,0,4.67,1.33,73,129,58,22,26,26,9,0,122,0.8714285714,,122,4,-0.6332116658,235,-119,,,,,
Dean Kremer,BAL,SP,136.8,116,8,0,4.41,1.3,67,135,42,21,32,23,8,0,122,0.8918128655,,122,6,-0.6332116658,213,-96,,,,,
Zack Littell,WSH,SP,144.9,108,7,0,4.54,1.26,73,151,31,24,26,25,9,0,122,0.8419599724,,122,3,-0.6332116658,180,-62,,,,,
Andre Pallante,STL,SP,136.7,95,8,0,4.34,1.41,66,140,53,13,26,25,9,0,122,0.8924652524,,122,4,-0.6332116658,193,-74,,,,,
Ian Seymour,TB,"SP,RP",113.3,110,6,0,4.04,1.22,51,103,35,16,38,16,6,0,121,1.067961165,,121,6,-0.6609917224,,120,,,,,
Jacob Lopez,ATH,SP,122.5,129,7,0,4.29,1.29,58,109,49,18,23,23,8,0,121,0.987755102,,121,3,-0.6609917224,#N/A,#N/A,,,,,
Eduardo Rodriguez,ARI,SP,134.1,119,8,0,4.42,1.37,66,135,48,18,28,24,8,0,121,0.9023117077,,121,5,-0.6609917224,177,-55,,,,,
Anthony Kay,CWS,"SP,RP",130.9,109,6,0,4.52,1.39,66,130,52,18,35,21,9,1,121,0.9243697479,,121,3,-0.6609917224,#N/A,#N/A,,,,,
Landen Roupp,SF,SP,121.2,113,7,0,4.08,1.35,55,115,48,13,28,23,7,0,120,0.9900990099,,120,5,-0.688771779,259,-135,,,,,
Kyle Freeland,COL,SP,161.2,118,7,0,5.06,1.42,91,186,43,26,29,29,12,0,120,0.7444168734,,120,1,-0.688771779,,125,,,,,
Parker Messick,CLE,SP,120.4,112,7,0,4.1,1.3,55,115,41,15,23,23,7,0,119,0.988372093,,119,5,-0.7165518357,#N/A,#N/A,,,,,
Sean Burke,CWS,"SP,RP",141,133,7,0,4.79,1.4,75,135,62,23,26,26,10,0,118,0.8368794326,,118,4,-0.7443318923,216,-89,,,,,
Will Warren,NYY,SP,124.8,122,7,0,4.26,1.31,59,118,46,17,35,21,7,0,117,0.9375,,117,5,-0.7721119489,,128,,,,,
Simeon Woods Richardson,MIN,SP,131.7,118,7,0,4.51,1.33,66,126,49,19,29,24,8,0,117,0.8883826879,,117,4,-0.7721119489,238,-109,,,,,
Miles Mikolas,WSH,SP,144.3,95,7,0,4.82,1.32,77,157,33,24,27,27,10,0,117,0.8108108108,,117,4,-0.7721119489,241,-111,,,,,
Zebby Matthews,MIN,SP,116.6,114,7,0,4.1,1.24,53,115,30,17,29,21,7,0,116,0.9948542024,,116,5,-0.7998920055,187,-56,,,,,
Max Meyer,MIA,SP,126.2,116,7,0,4.32,1.32,61,124,42,18,28,23,8,0,116,0.9191759113,,116,4,-0.7998920055,196,-64,,,,,
Ryan Weathers,NYY,SP,116.9,111,7,0,4.07,1.26,53,107,41,16,30,20,6,0,115,0.9837467921,,115,6,-0.8276720622,188,-55,,,,,
Jose Berrios,TOR,SP,116.5,97,7,0,4.4,1.29,57,115,36,18,35,16,7,0,114,0.9785407725,,114,6,-0.8554521188,76,58,,,,,
Kyle Leahy,STL,RP,112.3,93,5,0,4.31,1.35,54,112,40,13,48,14,6,0,109,0.9706144256,,109,5,-0.9943524019,#N/A,#N/A,,,,,
Roki Sasaki,LAD,SP,111.9,109,7,0,4.19,1.31,52,102,44,14,32,19,6,1,108,0.9651474531,,108,6,-1.022132459,42,94,,,,,
Aaron Civale,ATH,"SP,RP",124.2,107,7,0,4.71,1.32,65,124,40,20,23,23,8,0,107,0.8615136876,,107,4,-1.049912515,159,-22,,,,,
Michael Lorenzen,COL,"SP,RP",143.1,114,6,0,5.1,1.45,81,154,52,24,26,26,10,0,107,0.7477288609,,107,2,-1.049912515,245,-107,,,,,
Logan Henderson,MIL,SP,96.9,99,6,0,4.16,1.22,45,87,30,15,27,16,6,0,106,1.093911249,,106,5,-1.077692572,,139,,,,,
Jake Irvin,WSH,SP,121.4,89,6,0,4.86,1.36,65,126,40,20,30,20,8,0,106,0.8731466227,,106,5,-1.077692572,212,-72,,,,,
Chris Paddack,MIA,"SP,RP",130.9,99,6,0,4.77,1.32,69,139,34,22,31,23,8,0,105,0.8021390374,,105,5,-1.105472628,260,-119,,,,,
Jose Quintana,COL,SP,140.1,96,7,0,5.1,1.5,79,156,55,20,25,25,10,0,104,0.7423269094,,104,3,-1.133252685,228,-86,,,,,
Luis Gil,NYY,SP,102.3,101,6,0,4.36,1.34,50,87,50,14,38,14,5,0,103,1.00684262,,103,7,-1.161032742,65,78,,,,,
Lucas Giolito,,SP,116.5,105,7,0,4.65,1.37,60,114,46,18,24,21,8,0,103,0.8841201717,,103,0,-1.161032742,146,-2,,,,,
Hunter Greene,CIN,SP,87.6,107,6,0,3.69,1.12,36,70,28,12,16,15,4,1,101,1.152968037,,101,5,-1.216592855,34,111,,,,,
Bryce Elder,ATL,SP,117.6,96,7,0,4.57,1.38,60,122,40,15,25,20,7,0,101,0.8588435374,,101,5,-1.216592855,#N/A,#N/A,,,,,
Randy Vasquez,SD,SP,129,87,6,0,4.86,1.41,70,135,47,19,30,24,8,0,101,0.7829457364,,101,4,-1.216592855,,147,,,,,
Richard Fitts,STL,SP,117.3,90,6,0,4.52,1.34,59,119,38,17,30,21,7,0,100,0.852514919,,100,6,-1.244372912,,148,,,,,
Luis Morales,ATH,SP,114,101,6,0,4.58,1.36,58,108,46,18,27,20,7,0,98,0.8596491228,,98,5,-1.299933025,#N/A,#N/A,,,,,
Jared Jones,PIT,SP,93.9,95,6,0,3.96,1.24,41,85,32,12,21,17,6,0,98,1.043663472,,98,5,-1.299933025,57,93,,,,,
Michael Soroka,ARI,"SP,RP",93.3,93,5,2,4.12,1.26,43,84,34,12,41,11,5,0,98,1.050375134,,98,6,-1.299933025,254,-103,,,,,
Mick Abel,MIN,SP,110.7,100,6,0,4.63,1.42,57,107,50,15,28,20,7,0,96,0.8672086721,,96,6,-1.355493138,#N/A,#N/A,,,,,
Johan Oviedo,BOS,SP,96,92,5,0,4.3,1.34,46,87,41,12,32,15,5,0,96,1,,96,5,-1.355493138,,153,,,,,
Max Scherzer,TOR,SP,100.6,96,6,0,4.41,1.22,49,95,28,18,28,17,6,0,95,0.944333996,,95,7,-1.383273195,128,26,,,,,
Taijuan Walker,PHI,"SP,RP",116.1,82,6,0,5.01,1.43,65,123,43,19,39,17,7,0,95,0.8182601206,,95,5,-1.383273195,,155,,,,,
Kyle Harrison,MIL,"SP,RP",91.2,91,5,0,4.22,1.31,43,84,36,13,28,15,4,0,94,1.030701754,,94,6,-1.411053251,141,15,,,,,
Justin Steele,CHC,SP,85.3,80,6,0,3.58,1.18,34,78,23,9,16,15,4,0,93,1.090269637,,93,6,-1.438833308,48,109,,,,,
Brad Lord,WSH,"SP,RP",98.6,78,5,0,4.38,1.34,48,99,34,12,40,13,6,0,92,0.9330628803,,92,6,-1.466613365,#N/A,#N/A,,,,,
Andrew Painter,PHI,SP,106.4,93,6,0,4.66,1.37,55,107,39,17,27,19,6,0,91,0.8552631579,,91,6,-1.494393421,142,17,,,,,
Hunter Barco,PIT,"SP,RP",87.7,81,5,0,4.14,1.34,40,81,37,10,35,12,4,0,91,1.037628278,,91,6,-1.494393421,#N/A,#N/A,,,,,
German Marquez,SD,SP,117.7,87,6,0,5.09,1.43,67,127,41,19,26,22,8,0,90,0.7646559048,,90,5,-1.522173478,,161,,,,,
Rhett Lowder,CIN,SP,105.9,82,5,0,4.57,1.35,54,109,35,15,27,19,6,0,89,0.8404154863,,89,6,-1.549953534,164,-2,,,,,
Joe Boyle,TB,"SP,RP",81.4,90,5,0,4.06,1.35,37,67,44,9,27,13,5,0,89,1.093366093,,89,7,-1.549953534,,163,,,,,
Spencer Schwellenbach,ATL,SP,72.1,69,5,0,3.52,1.12,28,65,15,8,12,12,3,0,88,1.220527046,,88,6,-1.577733591,36,128,,,,,
Ryan Weiss,HOU,SP,85.9,83,5,0,4.32,1.32,41,80,33,12,36,10,5,0,88,1.024447031,,88,5,-1.577733591,#N/A,#N/A,,,,,
Kumar Rocker,TEX,SP,94.9,85,5,0,4.23,1.29,45,92,31,12,28,16,6,0,87,0.9167544784,,87,5,-1.605513648,125,41,,,,,
Chase Dollander,COL,SP,117,101,5,0,5.33,1.51,69,123,53,18,23,23,9,0,87,0.7435897436,,87,4,-1.605513648,,167,,,,,
Tomoyuki Sugano,COL,SP,118.4,76,6,0,5.22,1.43,69,139,30,21,22,22,9,1,87,0.7347972973,,87,5,-1.605513648,127,41,,,,,
Lance McCullers Jr.,HOU,SP,97.9,95,5,0,4.55,1.44,49,92,49,13,27,18,6,0,86,0.8784473953,,86,6,-1.633293704,,169,,,,,
Spencer Arrighetti,HOU,SP,86,86,5,0,4.59,1.37,44,80,38,13,24,14,5,0,84,0.976744186,,84,7,-1.688853818,87,83,,,,,
Griffin Canning,SD,SP,97.7,86,5,0,4.48,1.35,49,95,37,15,27,17,6,0,84,0.8597748209,,84,6,-1.688853818,209,-38,,,,,
Janson Junk,MIA,"SP,RP",84.5,61,5,0,4.28,1.28,40,89,19,11,38,10,4,0,82,0.9704142012,,82,6,-1.744413931,#N/A,#N/A,,,,,
Ryan Feltner,COL,SP,102.9,83,4,0,5.17,1.5,59,111,44,15,28,17,7,0,82,0.7968901846,,82,6,-1.744413931,261,-88,,,,,
Robert Gasser,MIL,SP,75.2,71,4,0,3.97,1.24,33,70,24,10,34,9,4,0,81,1.07712766,,81,7,-1.772193988,#N/A,#N/A,,,,,
Erick Fedde,CWS,"SP,RP",107.1,78,5,0,4.98,1.43,59,111,42,17,24,18,7,0,81,0.756302521,,81,5,-1.772193988,119,56,,,,,
Hunter Dobbins,STL,SP,84.5,63,4,0,4.42,1.36,41,86,28,10,25,13,5,0,80,0.9467455621,,80,7,-1.799974044,#N/A,#N/A,,,,,
Brandon Sproat,MIL,SP,79.6,67,4,0,4.22,1.33,37,75,31,9,27,12,4,0,79,0.9924623116,,79,8,-1.827754101,256,-79,,,,,
Patrick Sandoval,BOS,SP,78.4,72,4,0,4.11,1.39,36,76,33,8,38,9,4,0,79,1.007653061,,79,6,-1.827754101,#N/A,#N/A,,,,,
Robby Snelling,MIA,SP,80.5,71,5,0,4.16,1.34,37,79,29,10,15,15,5,0,78,0.9689440994,,78,7,-1.855534157,#N/A,#N/A,,,,,
Jonathan Cannon,CWS,"SP,RP",92.9,69,4,0,4.91,1.41,51,98,33,14,31,13,6,0,77,0.8288482239,,77,6,-1.883314214,271,-91,,,,,
Josiah Gray,WSH,SP,95.7,82,5,0,4.94,1.4,53,94,40,16,18,17,7,0,76,0.7941483804,,76,7,-1.911094271,#N/A,#N/A,,,,,
Tyler Anderson,,SP,94.8,74,5,0,4.88,1.42,51,97,38,16,20,17,7,0,76,0.8016877637,,76,0,-1.911094271,222,-40,,,,,
Patrick Corbin,,SP,94.1,75,5,0,4.85,1.42,51,102,32,14,20,17,7,0,76,0.8076514346,,76,0,-1.911094271,248,-65,,,,,
J.T. Ginn,ATH,"SP,RP",74.1,69,4,0,4.24,1.32,35,72,26,9,29,10,4,0,74,0.9986504723,,74,6,-1.966654384,#N/A,#N/A,,,,,
Jose Urquidy,PIT,RP,86,65,4,0,4.87,1.35,47,89,27,13,29,13,6,0,73,0.8488372093,,73,7,-1.994434441,#N/A,#N/A,,,,,
Cody Bradford,TEX,SP,69.7,60,4,0,4.18,1.19,32,67,16,11,32,8,4,0,71,1.018651363,,71,6,-2.049994554,161,25,,,,,
Caden Dana,LAA,SP,90,78,4,0,5.04,1.44,50,89,40,16,17,17,7,0,71,0.7888888889,,71,5,-2.049994554,274,-87,,,,,
Brandon Williamson,CIN,SP,76.1,63,4,0,4.88,1.39,41,77,29,12,28,10,4,0,66,0.8672798949,,66,7,-2.188894837,#N/A,#N/A,,,,,
Charlie Morton,,"SP,RP",77.3,78,4,0,4.79,1.46,41,76,37,12,16,15,5,0,66,0.8538163001,,66,0,-2.188894837,144,45,,,,,
Trevor McDonald,SF,"SP,RP",70.2,55,4,0,4.33,1.36,34,71,25,8,27,9,4,0,65,0.9259259259,,65,6,-2.216674894,#N/A,#N/A,,,,,
Stephen Kolek,KC,SP,71.1,50,4,0,4.34,1.37,34,75,23,7,31,9,4,0,65,0.9142053446,,65,6,-2.216674894,#N/A,#N/A,,,,,
Payton Tolle,BOS,"SP,RP",50.2,53,3,0,4.1,1.25,23,45,17,7,23,6,2,0,55,1.09561753,,55,7,-2.49447546,#N/A,#N/A,,,,,
Hurston Waldrep,ATL,SP,58.5,50,4,0,4.41,1.42,29,57,26,7,11,11,4,0,54,0.9230769231,,54,7,-2.522255516,,193,,,,,
David Festa,MIN,SP,49.9,50,3,0,4.19,1.28,23,46,18,7,18,8,3,0,54,1.082164329,,54,7,-2.522255516,158,36,,,,,
Alek Manoah,LAA,SP,70,59,3,0,4.98,1.42,39,69,30,11,13,13,5,0,54,0.7714285714,,54,6,-2.522255516,#N/A,#N/A,,,,,
Ryan Bergert,KC,SP,58.8,49,3,0,4.74,1.4,31,58,24,8,23,9,3,0,53,0.9013605442,,53,7,-2.550035573,#N/A,#N/A,,,,,
JP Sears,SD,SP,54.3,46,3,0,4.55,1.27,27,53,16,10,20,8,3,0,52,0.9576427256,,52,7,-2.57781563,217,-20,,,,,
Marcus Stroman,,SP,58.5,42,4,0,4.65,1.44,30,61,23,7,13,11,4,0,52,0.8888888889,,52,0,-2.57781563,151,47,,,,,
Connelly Early,BOS,SP,44.8,46,3,0,3.72,1.28,19,40,18,4,15,7,2,0,51,1.138392857,,51,8,-2.605595686,#N/A,#N/A,,,,,
Corbin Burnes,ARI,SP,44.1,40,3,0,3.68,1.22,18,40,14,5,7,7,2,0,50,1.133786848,,50,7,-2.633375743,6,194,,,,,
Jordan Montgomery,TEX,SP,51,40,3,0,4.47,1.34,25,52,16,7,15,8,3,0,49,0.9607843137,,49,7,-2.6611558,183,18,,,,,
Walker Buehler,SD,SP,54.6,43,3,0,4.93,1.43,30,56,22,9,21,8,4,0,47,0.8608058608,,47,8,-2.716715913,92,110,,,,,
Alex Cobb,,SP,42.1,35,3,0,4.09,1.31,19,41,14,4,12,7,3,0,45,1.06888361,,45,0,-2.772276026,199,4,,,,,
Andrew Alvarez,WSH,SP,49.4,36,2,0,4.36,1.4,24,50,19,5,25,6,3,0,45,0.9109311741,,45,8,-2.772276026,#N/A,#N/A,,,,,
Tanner Gordon,COL,SP,56.7,41,3,0,5.34,1.42,34,67,14,11,24,7,4,0,45,0.7936507937,,45,7,-2.772276026,#N/A,#N/A,,,,,
Gunnar Hoglund,ATH,SP,48.6,37,2,0,4.9,1.36,26,51,15,8,22,6,3,0,43,0.8847736626,,43,7,-2.827836139,#N/A,#N/A,,,,,
Jason Alexander,HOU,"SP,RP",48.2,37,2,0,4.63,1.39,25,50,17,7,22,6,3,0,43,0.8921161826,,43,8,-2.827836139,#N/A,#N/A,,,,,
George Klassen,LAA,SP,46.3,44,2,0,4.62,1.42,24,45,21,6,19,7,3,0,42,0.9071274298,,42,7,-2.855616196,#N/A,#N/A,,,,,
Jon Gray,,RP,45.6,40,3,0,4.48,1.31,23,45,15,7,10,8,3,0,41,0.899122807,,41,0,-2.883396253,191,18,,,,,
Carson Whisenhunt,SF,SP,43.6,34,2,0,4.45,1.38,22,44,16,6,16,7,2,0,40,0.9174311927,,40,7,-2.911176309,#N/A,#N/A,,,,,
Quinn Mathews,STL,SP,43.8,40,2,0,4.54,1.53,22,41,27,5,9,9,3,0,38,0.8675799087,,38,8,-2.966736423,171,40,,,,,
Jonah Tong,NYM,SP,30.8,34,2,0,3.59,1.25,12,25,13,3,11,5,2,0,37,1.201298701,,37,7,-2.994516479,#N/A,#N/A,,,,,
Gage Jump,ATH,SP,39.7,33,2,0,4.4,1.34,19,39,14,6,8,8,2,0,37,0.9319899244,,37,8,-2.994516479,#N/A,#N/A,,,,,
River Ryan,LAD,SP,43.1,36,2,0,4.51,1.38,22,42,17,6,13,8,2,0,36,0.8352668213,,36,7,-3.022296536,#N/A,#N/A,,,,,
Drew Thorpe,CWS,SP,43.8,34,2,0,4.72,1.37,23,44,16,7,9,8,3,0,36,0.8219178082,,36,7,-3.022296536,,215,,,,,
Tanner McDougal,CWS,SP,36.4,31,2,0,4.67,1.44,19,35,17,5,14,6,2,0,33,0.9065934066,,33,8,-3.105636706,#N/A,#N/A,,,,,
Clarke Schmidt,NYY,SP,28.3,26,2,0,3.95,1.24,12,25,10,4,12,4,1,0,32,1.130742049,,32,8,-3.133416762,90,127,,,,,
Martin Perez,ATL,SP,40.4,31,2,0,4.71,1.42,21,42,15,5,7,7,2,0,32,0.7920792079,,32,8,-3.133416762,,218,,,,,
Nestor Cortes Jr.,,SP,32.8,30,2,0,4.52,1.28,16,31,11,6,6,6,2,0,31,0.9451219512,,31,0,-3.161196819,108,111,,,,,
Jose Urena,,"SP,RP",39.2,26,2,0,4.94,1.53,22,43,18,7,12,5,2,0,30,0.7653061224,,30,0,-3.188976876,#N/A,#N/A,,,,,
Spencer Turnbull,,"SP,RP",35.9,28,2,0,4.9,1.47,20,37,15,5,10,6,3,0,28,0.7799442897,,28,0,-3.244536989,,221,,,,,
Wade Miley,,SP,32.7,21,2,0,4.85,1.45,18,35,12,5,8,6,3,1,27,0.8256880734,,27,0,-3.272317045,#N/A,#N/A,,,,,
Cade Povich,BAL,SP,25.8,25,1,0,4.22,1.31,12,25,9,4,12,3,2,0,26,1.007751938,,26,7,-3.300097102,232,-9,,,,,
Thomas White,MIA,SP,26.3,27,1,0,4.23,1.41,12,24,14,3,5,5,2,0,25,0.9505703422,,25,8,-3.327877159,#N/A,#N/A,,,,,
JR Ritchie,ATL,SP,26.2,22,2,0,4.59,1.39,13,26,11,3,5,5,1,0,24,0.9160305344,,24,9,-3.355657215,#N/A,#N/A,,,,,
McCade Brown,COL,SP,26.7,25,1,0,5.21,1.47,15,27,12,4,9,4,2,0,23,0.861423221,,23,8,-3.383437272,#N/A,#N/A,,,,,
Sam Aldegheri,LAA,SP,30.2,23,1,0,5.33,1.54,18,32,15,5,8,5,2,0,22,0.7284768212,,22,8,-3.411217329,#N/A,#N/A,,,,,
Bowden Francis,TOR,SP,22,20,1,0,4.51,1.28,11,21,8,5,5,5,1,0,21,0.9545454545,,21,8,-3.438997385,80,148,,,,,
Jose De Leon,,"SP,RP",29.2,28,1,1,5.24,1.61,17,30,18,5,6,6,2,0,21,0.7191780822,,21,0,-3.438997385,#N/A,#N/A,,,,,
David Davalillo,TEX,SP,16.3,15,1,0,3.86,1.23,7,14,7,2,4,4,1,1,19,1.165644172,,19,8,-3.494557498,#N/A,#N/A,,,,,
Winston Santos,TEX,SP,16.6,20,1,0,4.33,1.38,8,15,8,3,4,4,1,0,18,1.084337349,,18,9,-3.522337555,#N/A,#N/A,,,,,
Thomas Harrington,PIT,"SP,RP",23,17,1,0,4.74,1.38,12,24,8,3,10,4,2,0,18,0.7826086957,,18,8,-3.522337555,268,-36,,,,,
Dane Dunning,SEA,"SP,RP",16.5,14,1,0,4.39,1.32,8,16,6,2,8,2,1,0,17,1.03030303,,17,6,-3.550117612,#N/A,#N/A,,,,,
Noah Schultz,CWS,SP,22.2,19,1,0,4.68,1.45,12,22,10,3,4,4,2,0,17,0.7657657658,,17,9,-3.550117612,206,28,,,,,
Tanner Houck,BOS,SP,17.2,14,1,0,4.43,1.35,8,17,6,2,7,2,1,0,17,0.988372093,,17,9,-3.550117612,81,154,,,,,
Austin Gomber,TEX,SP,18.4,14,1,0,4.74,1.33,10,19,5,3,6,3,2,0,16,0.8695652174,,16,10,-3.577897668,220,16,,,,,
Mitch Farris,LAA,SP,21.4,20,1,0,5.01,1.49,12,21,11,3,4,4,2,0,16,0.7476635514,,16,9,-3.577897668,#N/A,#N/A,,,,,
Jurrangelo Cijntje,STL,SP,16.6,13,1,0,4.62,1.45,9,17,8,3,4,4,1,0,16,0.9638554217,,16,9,-3.577897668,#N/A,#N/A,,,,,
Hagen Smith,CWS,SP,16.1,16,1,0,4.57,1.48,8,14,10,2,3,3,1,0,15,0.9316770186,,15,10,-3.605677725,,239,,,,,
Tink Hence,STL,SP,13.7,13,1,0,4.19,1.37,6,13,6,2,5,2,1,0,15,1.094890511,,15,10,-3.605677725,,240,,,,,
Tony Gonsolin,,SP,16.9,16,1,0,4.57,1.36,9,15,8,3,4,3,1,0,15,0.8875739645,,15,0,-3.605677725,153,88,,,,,
Didier Fuentes,ATL,SP,13.6,13,1,0,4.7,1.35,7,14,5,2,4,3,1,0,14,1.029411765,,14,10,-3.633457782,#N/A,#N/A,,,,,
Kohl Drake,ARI,SP,17.1,14,1,0,4.53,1.38,9,17,7,2,5,3,1,0,14,0.8187134503,,14,8,-3.633457782,#N/A,#N/A,,,,,
Ty Johnson,TB,"SP,RP",11.8,12,1,0,4.1,1.26,5,10,5,1,2,2,1,0,13,1.101694915,,13,8,-3.661237838,#N/A,#N/A,,,,,
Mitch Bratt,ARI,SP,13.6,10,1,0,4.38,1.29,7,14,4,2,4,3,1,0,13,0.9558823529,,13,9,-3.661237838,#N/A,#N/A,,,,,
Ben Kudrna,KC,SP,14.6,11,1,0,5.06,1.51,8,16,7,2,8,2,1,0,13,0.8904109589,,13,8,-3.661237838,#N/A,#N/A,,,,,
Cal Quantrill,TEX,SP,15.3,12,1,0,5.05,1.4,9,16,5,2,5,3,1,0,12,0.7843137255,,12,11,-3.689017895,,247,,,,,
Matt Waldron,SD,SP,15.3,12,1,0,4.99,1.38,9,16,5,2,4,3,1,0,12,0.7843137255,,12,9,-3.689017895,205,43,,,,,
Riley Cornelio,WSH,SP,14.8,11,1,0,5.26,1.53,9,16,7,2,8,2,1,0,12,0.8108108108,,12,9,-3.689017895,#N/A,#N/A,,,,,
Ethan Pecko,HOU,SP,10.9,10,1,0,4.13,1.38,5,10,6,2,3,3,1,0,11,1.009174312,,11,9,-3.716797951,#N/A,#N/A,,,,,
Carlos Carrasco,ATL,SP,12.2,9,1,0,5.31,1.49,7,14,5,2,3,3,1,0,11,0.9016393443,,11,11,-3.716797951,#N/A,#N/A,,,,,
Ky Bush,CWS,SP,14,10,1,0,5.12,1.52,8,14,7,2,4,3,1,0,11,0.7857142857,,11,11,-3.716797951,#N/A,#N/A,,,,,
Trey Gibson,BAL,SP,11.8,11,0,0,4.23,1.36,6,11,5,1,3,3,1,0,9,0.7627118644,,9,8,-3.772358065,#N/A,#N/A,,,,,
Jarlin Susana,WSH,SP,9,12,1,0,4.48,1.55,5,7,7,1,2,2,1,0,9,1,,9,10,-3.772358065,#N/A,#N/A,,,,,
Ben Hess,NYY,SP,9.3,9,1,0,4.34,1.39,5,9,5,2,2,2,1,0,9,0.9677419355,,9,9,-3.772358065,#N/A,#N/A,,,,,
Jean Cabrera,PHI,SP,11.8,8,0,0,4.88,1.47,6,12,5,1,3,3,1,0,9,0.7627118644,,9,7,-3.772358065,#N/A,#N/A,,,,,
Elvin Rodriguez,,RP,11.6,9,1,0,5.04,1.46,7,13,4,2,3,3,1,0,9,0.775862069,,9,0,-3.772358065,#N/A,#N/A,,,,,
Elmer Rodriguez,NYY,SP,8.9,8,0,0,4.05,1.36,4,9,3,1,6,1,0,0,8,0.8988764045,,8,10,-3.800138121,#N/A,#N/A,,,,,
Brody Hopkins,TB,SP,8.5,8,0,0,4.53,1.48,4,8,4,1,2,2,1,0,8,0.9411764706,,8,9,-3.800138121,#N/A,#N/A,,,,,
Lucas Braun,ATL,SP,7.8,7,1,0,4.05,1.22,4,7,3,1,2,2,0,0,8,1.025641026,,8,12,-3.800138121,#N/A,#N/A,,,,,
Cole Irvin,LAD,"SP,RP",10.6,7,0,0,4.87,1.38,6,12,3,2,2,2,1,0,7,0.6603773585,,7,8,-3.827918178,#N/A,#N/A,,,,,
Tommy Henry,ARI,RP,9,8,1,0,5.52,1.62,6,10,5,2,2,2,0,0,7,0.7777777778,,7,10,-3.827918178,#N/A,#N/A,,,,,
Tyler Uberstine,BOS,SP,9.3,8,0,0,4.65,1.37,5,9,3,1,3,2,1,0,7,0.752688172,,7,10,-3.827918178,#N/A,#N/A,,,,,
Jhonathan Diaz,SEA,RP,8.2,6,0,0,4.33,1.35,4,9,2,1,5,1,0,0,7,0.8536585366,,7,7,-3.827918178,#N/A,#N/A,,,,,
Pete Hansen,STL,SP,8.6,6,0,0,4.81,1.45,5,10,3,1,2,2,1,0,7,0.8139534884,,7,11,-3.827918178,#N/A,#N/A,,,,,
Marco Gonzales,SD,SP,8.3,6,0,0,4.89,1.43,4,9,3,1,2,2,1,0,7,0.843373494,,7,10,-3.827918178,#N/A,#N/A,,,,,
Sean Sullivan,COL,SP,8.6,6,0,0,5.27,1.42,5,10,3,1,2,2,1,0,7,0.8139534884,,7,9,-3.827918178,#N/A,#N/A,,,,,
Brandon Walter,HOU,SP,6.4,6,0,0,3.92,1.12,3,6,1,1,1,1,0,0,6,0.9375,,6,10,-3.855698235,#N/A,#N/A,,,,,
Jackson Jobe,DET,"SP,RP",7.7,6,0,0,4.57,1.41,4,7,4,1,3,1,0,0,6,0.7792207792,,6,6,-3.855698235,103,166,,,,,
Ben Lively,CLE,SP,7.5,6,0,0,4.82,1.34,4,8,3,2,2,2,1,0,6,0.8,,6,8,-3.855698235,200,70,,,,,
Yoniel Curet,PHI,SP,10.4,9,0,0,4.94,1.54,6,10,6,1,5,2,1,0,6,0.5769230769,,6,8,-3.855698235,#N/A,#N/A,,,,,
Casey Lawrence,SEA,RP,8.3,4,0,0,5.32,1.43,5,10,2,1,2,2,1,0,6,0.7228915663,,6,8,-3.855698235,#N/A,#N/A,,,,,
Christian MacLeod,MIN,SP,5.4,4,1,0,4.63,1.59,3,6,2,1,4,1,1,0,5,0.9259259259,,5,8,-3.883478291,#N/A,#N/A,,,,,
Carson Spiers,CIN,"SP,RP",6.6,5,0,0,5.07,1.51,4,7,3,1,2,1,0,0,5,0.7575757576,,5,8,-3.883478291,#N/A,#N/A,,,,,
Nathan Wiles,,RP,5.9,5,0,0,4.57,1.44,3,7,2,1,6,1,1,0,4,0.6779661017,,4,0,-3.911258348,#N/A,#N/A,,,,,
Joe Elbis,,SP,5.2,4,0,0,5.05,1.47,3,6,2,1,2,1,0,0,3,0.5769230769,,3,0,-3.939038405,#N/A,#N/A,,,,,
Mason Miller,SD,RP,65.3,101,4,33,2.51,0.99,18,40,25,6,63,0,2,0,0,0,,0,11,-4.022378574,25,252,,,,,
Edwin Diaz,LAD,RP,65,90,5,37,3.02,1.06,22,47,22,7,64,0,2,0,0,0,,0,9,-4.022378574,23,255,,,,,
Jhoan Duran,PHI,RP,66.5,77,5,32,2.88,1.12,21,54,21,5,68,0,3,0,0,0,,0,9,-4.022378574,47,232,,,,,
Andres Munoz,SEA,RP,62.8,79,4,32,2.91,1.12,20,45,25,5,63,0,3,0,0,0,,0,9,-4.022378574,45,235,,,,,
Cade Smith,CLE,RP,69,89,5,31,2.88,1.07,22,53,21,6,69,0,3,0,0,0,,0,9,-4.022378574,155,126,,,,,
David Bednar,NYY,RP,62.7,76,4,33,3.25,1.12,23,49,21,7,64,0,3,0,0,0,,0,11,-4.022378574,79,203,,,,,
Aroldis Chapman,BOS,RP,60,83,4,31,3,1.15,20,42,26,5,62,0,3,0,0,0,,0,11,-4.022378574,118,165,,,,,
Devin Williams,NYM,RP,63.3,84,4,31,3.09,1.14,22,46,27,6,64,0,3,0,0,0,,0,8,-4.022378574,16,268,,,,,
Ryan Helsley,BAL,RP,62.8,71,4,28,3.5,1.21,24,52,23,7,62,0,3,0,0,0,,0,9,-4.022378574,26,259,,,,,
Raisel Iglesias,ATL,RP,64.8,69,4,27,3.62,1.14,26,56,17,8,66,0,3,0,0,0,,0,13,-4.022378574,29,257,,,,,
Jeff Hoffman,TOR,RP,62.6,75,4,26,3.63,1.17,25,50,23,8,64,0,3,0,0,0,,0,9,-4.022378574,70,217,,,,,
Josh Hader,HOU,RP,54.9,75,4,27,3.2,1.07,20,38,21,7,54,0,3,0,0,0,,0,11,-4.022378574,19,269,,,,,
Daniel Palencia,CHC,RP,64.1,73,4,30,3.64,1.24,26,53,27,7,63,0,3,0,0,0,,0,7,-4.022378574,#N/A,#N/A,,,,,
Pete Fairbanks,MIA,RP,60.1,62,3,26,3.55,1.21,24,52,21,6,61,0,3,0,0,0,,0,9,-4.022378574,83,207,,,,,
Carlos Estevez,KC,RP,63.7,57,3,31,4.23,1.27,30,58,23,8,64,0,4,0,0,0,,0,9,-4.022378574,97,194,,,,,
Emilio Pagan,CIN,RP,65.4,72,3,27,3.95,1.18,29,55,22,10,66,0,3,0,0,0,,0,10,-4.022378574,#N/A,#N/A,,,,,
Kenley Jansen,DET,RP,57.8,59,3,24,3.99,1.21,26,49,21,8,59,0,3,0,0,0,,0,7,-4.022378574,93,200,,,,,
Ryan Walker,SF,RP,62.5,66,4,25,3.49,1.2,24,55,20,6,62,0,3,0,0,0,,0,8,-4.022378574,49,245,,,,,
Trevor Megill,MIL,RP,62.5,76,4,17,3.43,1.17,24,51,23,7,62,0,3,0,0,0,,0,9,-4.022378574,73,222,,,,,
Dennis Santana,PIT,RP,66.4,61,4,24,3.93,1.26,29,61,23,7,66,0,3,0,0,0,,0,9,-4.022378574,,296,,,,,
Seranthony Dominguez,CWS,RP,61.4,69,3,20,3.9,1.29,27,51,28,8,64,0,4,0,0,0,,0,12,-4.022378574,264,33,,,,,
Abner Uribe,MIL,RP,69.3,81,4,17,3.12,1.2,24,53,31,5,69,0,3,0,0,0,,0,10,-4.022378574,,298,,,,,
Griffin Jax,TB,RP,66,83,4,16,3.02,1.08,22,53,19,6,67,0,3,0,0,0,,0,10,-4.022378574,110,189,,,,,
Bryan Abreu,HOU,RP,67.6,90,4,8,3.17,1.17,24,51,28,7,67,0,3,0,0,0,,0,12,-4.022378574,134,166,,,,,
Robert Suarez,ATL,RP,65.8,69,4,9,3.59,1.18,26,57,20,7,66,0,3,0,0,0,,0,14,-4.022378574,46,255,,,,,
Edwin Uceta,TB,RP,60.1,72,4,11,3.73,1.19,25,49,22,8,58,0,3,0,0,0,,0,11,-4.022378574,165,137,,,,,
Robert Garcia,TEX,RP,61.6,67,4,20,3.61,1.22,25,53,22,7,64,0,3,0,0,0,,0,12,-4.022378574,202,101,,,,,
Grant Taylor,CWS,RP,84.5,100,5,5,3.27,1.19,31,69,32,7,70,3,4,0,0,0,,0,13,-4.022378574,#N/A,#N/A,,,,,
Riley O'Brien,STL,RP,62.3,64,3,14,3.73,1.31,26,54,27,6,60,0,3,0,0,0,,0,12,-4.022378574,#N/A,#N/A,,,,,
Kirby Yates,LAA,RP,55.7,66,3,10,4.02,1.28,25,45,26,8,56,0,3,0,0,0,,0,10,-4.022378574,71,235,,,,,
Clayton Beeter,WSH,RP,61.7,71,3,16,3.9,1.34,27,50,33,7,56,0,3,0,0,0,,0,11,-4.022378574,#N/A,#N/A,,,,,
Will Vest,DET,RP,66.4,67,4,6,3.4,1.2,25,59,21,6,66,0,3,0,0,0,,0,8,-4.022378574,,308,,,,,
JoJo Romero,STL,RP,61.7,58,4,12,3.66,1.29,25,56,24,6,63,0,3,0,0,0,,0,13,-4.022378574,265,44,,,,,
Kevin Ginkel,ARI,RP,62.5,65,4,10,3.82,1.27,27,56,23,6,62,0,3,0,0,0,,0,11,-4.022378574,,310,,,,,
Robert Stephenson,LAA,RP,42.4,48,2,6,4.01,1.19,19,36,14,6,42,0,2,0,0,0,,0,11,-4.022378574,,311,,,,,
Kyle Finnegan,DET,RP,62.4,59,4,4,3.91,1.27,27,57,22,7,62,0,3,0,0,0,,0,9,-4.022378574,106,206,,,,,
Jeremiah Estrada,SD,RP,67.9,92,4,1,3.36,1.15,25,51,27,8,68,0,3,0,0,0,,0,12,-4.022378574,154,159,,,,,
Taylor Rogers,MIN,RP,58.2,61,3,16,4.12,1.34,27,53,25,7,60,0,3,0,0,0,,0,9,-4.022378574,,314,,,,,
Victor Vodnik,COL,RP,63,60,3,19,4.32,1.46,30,62,30,7,61,0,4,0,0,0,,0,10,-4.022378574,,315,,,,,
Paul Sewald,ARI,RP,57,57,3,12,4.43,1.25,28,52,19,9,58,0,3,0,0,0,,0,12,-4.022378574,168,148,,,,,
Tanner Scott,LAD,RP,63.3,72,4,4,3.55,1.22,25,52,25,7,63,0,3,0,0,0,,0,10,-4.022378574,63,254,,,,,
Lucas Erceg,KC,RP,61.7,59,4,4,3.79,1.28,26,56,23,6,61,0,4,0,0,0,,0,10,-4.022378574,69,249,,,,,
Garrett Cleavinger,TB,RP,63.1,78,4,7,3.41,1.15,24,49,24,7,66,0,3,0,0,0,,0,12,-4.022378574,,319,,,,,
Garrett Whitlock,BOS,RP,68,75,4,3,3.33,1.15,25,59,19,7,63,0,3,0,0,0,,0,12,-4.022378574,210,110,,,,,
Adrian Morejon,SD,RP,66.6,67,5,3,3.33,1.18,25,57,21,6,67,0,4,0,0,0,,0,13,-4.022378574,275,46,,,,,
Tony Santillan,CIN,RP,68.2,72,3,4,4.2,1.33,32,60,30,9,70,0,3,0,0,0,,0,11,-4.022378574,,322,,,,,
Matt Brash,SEA,RP,61.2,73,3,3,3.23,1.21,22,50,24,5,61,0,3,0,0,0,,0,10,-4.022378574,227,96,,,,,
Jose A. Ferrer,SEA,RP,67.8,64,4,3,3.25,1.17,24,60,19,5,67,0,3,0,0,0,,0,11,-4.022378574,,324,,,,,
Jacob Latz,TEX,"SP,RP",101.2,97,5,0,4.35,1.38,49,91,49,13,44,11,5,0,0,0,,0,13,-4.022378574,#N/A,#N/A,,,,,
Troy Melton,DET,"SP,RP",57.4,53,3,0,4.08,1.26,26,54,18,8,32,5,3,0,0,0,,0,10,-4.022378574,#N/A,#N/A,,,,,
Tyler Wells,BAL,SP,68.5,62,4,0,4.27,1.19,33,64,18,12,43,4,4,0,0,0,,0,10,-4.022378574,#N/A,#N/A,,,,,
Camilo Doval,NYY,RP,63.4,72,4,4,3.58,1.28,25,51,30,5,64,0,3,0,0,0,,0,12,-4.022378574,138,190,,,,,
Luke Weaver,NYM,RP,65.8,71,4,5,3.96,1.21,29,58,22,9,61,0,3,0,0,0,,0,9,-4.022378574,102,227,,,,,
Jordan Leasure,CWS,RP,62.8,70,3,5,4.18,1.29,29,53,28,9,64,0,4,0,0,0,,0,14,-4.022378574,#N/A,#N/A,,,,,
Alex Vesia,LAD,RP,62.1,78,4,2,3.58,1.16,25,47,25,9,64,0,3,0,0,0,,0,11,-4.022378574,179,152,,,,,
Hunter Harvey,CHC,RP,50.7,55,3,4,3.39,1.13,19,43,15,5,49,0,2,0,0,0,,0,8,-4.022378574,,332,,,,,
Tyler Rogers,TOR,RP,69.1,48,4,3,3.7,1.21,28,69,15,7,71,0,3,0,0,0,,0,10,-4.022378574,249,84,,,,,
Hunter Gaddis,CLE,RP,66.5,64,3,3,3.89,1.21,29,60,21,9,64,0,3,0,0,0,,0,10,-4.022378574,184,150,,,,,
Matt Strahm,KC,RP,63.4,69,4,2,3.57,1.13,25,53,19,8,63,0,3,0,0,0,,0,11,-4.022378574,147,188,,,,,
Brad Keller,PHI,RP,66.7,61,4,2,4.02,1.33,30,62,27,7,61,0,3,0,0,0,,0,10,-4.022378574,#N/A,#N/A,,,,,
Gregory Soto,PIT,RP,60.5,65,3,4,3.8,1.3,26,54,25,5,64,0,3,0,0,0,,0,10,-4.022378574,#N/A,#N/A,,,,,
Phil Maton,CHC,RP,63,69,4,5,3.68,1.21,26,52,24,7,65,0,3,0,0,0,,0,9,-4.022378574,#N/A,#N/A,,,,,
Justin Sterner,ATH,RP,64.8,66,3,7,4.27,1.26,31,58,24,10,62,0,3,0,0,0,,0,9,-4.022378574,#N/A,#N/A,,,,,
Chris Martin,TEX,RP,52.1,51,3,7,3.47,1.14,20,48,11,6,53,0,3,0,0,0,,0,14,-4.022378574,169,171,,,,,
Matt Svanson,STL,RP,63.6,59,3,6,3.73,1.29,26,58,24,6,58,0,3,0,0,0,,0,14,-4.022378574,#N/A,#N/A,,,,,
Andrew Kittredge,BAL,RP,59.2,59,4,4,3.74,1.19,25,54,16,8,59,0,3,0,0,0,,0,11,-4.022378574,214,128,,,,,
Yimi Garcia,TOR,RP,53.5,60,3,4,3.74,1.19,22,45,19,7,53,0,3,0,0,0,,0,11,-4.022378574,201,142,,,,,
Aaron Ashby,MIL,RP,77.7,80,4,1,3.74,1.37,32,69,38,6,59,2,4,0,0,0,,0,11,-4.022378574,234,110,,,,,
Jose Alvarado,PHI,RP,58.7,67,4,3,3.48,1.24,23,50,23,6,59,0,3,0,0,0,,0,11,-4.022378574,182,163,,,,,
Cole Sands,MIN,"SP,RP",67,65,4,4,3.94,1.23,29,62,20,8,65,0,3,0,0,0,,0,10,-4.022378574,,346,,,,,
Gabe Speier,SEA,RP,57.9,68,3,0,3.28,1.1,21,46,17,6,63,0,3,0,0,0,,0,12,-4.022378574,#N/A,#N/A,,,,,
Mark Leiter Jr.,ATH,RP,62.5,68,4,6,4.14,1.32,29,58,24,8,64,0,4,0,0,0,,0,10,-4.022378574,266,82,,,,,
Jordan Romano,LAA,RP,57,61,3,5,4.29,1.28,27,51,22,8,58,0,3,0,0,0,,0,12,-4.022378574,94,255,,,,,
Shawn Armstrong,CLE,RP,67,66,3,3,3.8,1.21,28,60,21,8,66,0,3,0,0,0,,0,11,-4.022378574,#N/A,#N/A,,,,,
Orion Kerkering,PHI,RP,62.8,68,4,1,3.48,1.21,24,53,22,6,64,0,3,0,0,0,,0,12,-4.022378574,130,221,,,,,
Kutter Crawford,BOS,SP,73.7,71,4,0,4.25,1.21,35,68,21,11,39,6,4,0,0,0,,0,13,-4.022378574,131,221,,,,,
Alexis Diaz,TEX,RP,27.8,28,1,1,4.64,1.39,14,24,15,4,25,0,2,0,0,0,,0,15,-4.022378574,64,289,,,,,
Tyler Holton,DET,"SP,RP",70.2,58,4,1,3.68,1.16,29,64,18,9,66,0,3,0,0,0,,0,11,-4.022378574,162,192,,,,,
Ben Joyce,LAA,RP,45.8,52,2,10,3.73,1.27,19,37,21,4,45,0,2,0,0,0,,0,13,-4.022378574,95,260,,,,,
Jason Adam,SD,RP,55.6,59,4,1,3.48,1.17,22,45,20,6,56,0,3,0,0,0,,0,14,-4.022378574,121,235,,,,,
Ben Brown,CHC,"SP,RP",66,71,4,0,3.81,1.22,28,58,22,8,42,3,3,0,0,0,,0,10,-4.022378574,192,165,,,,,
Calvin Faucher,MIA,RP,63.4,63,3,6,4.06,1.36,29,59,27,7,64,0,4,0,0,0,,0,10,-4.022378574,156,202,,,,,
Dylan Lee,ATL,RP,64.6,72,3,1,3.64,1.15,26,56,18,9,65,0,3,0,0,0,,0,15,-4.022378574,#N/A,#N/A,,,,,
Jared Koenig,MIL,RP,64.2,65,4,1,3.58,1.23,26,57,22,7,64,0,3,0,0,0,,0,12,-4.022378574,#N/A,#N/A,,,,,
Cole Henry,WSH,RP,61.9,59,2,13,4.78,1.44,33,57,33,9,63,0,3,0,0,0,,0,12,-4.022378574,#N/A,#N/A,,,,,
Christian Scott,NYM,SP,36.2,34,2,0,4.04,1.21,16,34,10,5,23,3,2,0,0,0,,0,10,-4.022378574,#N/A,#N/A,,,,,
A.J. Minter,NYM,RP,48.6,54,3,1,3.45,1.17,19,40,17,5,49,0,2,0,0,0,,0,11,-4.022378574,,363,,,,,
Fernando Cruz,NYY,RP,58.8,80,4,2,3.61,1.23,24,45,27,7,59,0,3,0,0,0,,0,13,-4.022378574,247,117,,,,,
Hogan Harris,ATH,RP,65.7,63,3,10,4.39,1.4,32,61,31,8,57,0,3,0,0,0,,0,11,-4.022378574,#N/A,#N/A,,,,,
Louis Varland,TOR,RP,67,66,4,2,3.73,1.21,28,62,20,8,61,0,3,0,0,0,,0,12,-4.022378574,#N/A,#N/A,,,,,
Bryan Baker,TB,RP,63.2,71,3,2,3.84,1.21,27,53,23,8,64,0,3,0,0,0,,0,13,-4.022378574,#N/A,#N/A,,,,,
Graham Ashcraft,CIN,RP,64.2,57,4,2,3.92,1.31,28,62,22,7,59,0,3,0,0,0,,0,12,-4.022378574,#N/A,#N/A,,,,,
Colin Rea,CHC,"SP,RP",82.5,65,4,0,4.46,1.3,41,83,24,12,37,8,4,0,0,0,,0,11,-4.022378574,258,111,,,,,
Bryan King,HOU,RP,64.3,64,4,1,3.63,1.2,26,58,19,7,66,0,3,0,0,0,,0,13,-4.022378574,#N/A,#N/A,,,,,
Drew Pomeranz,LAA,"SP,RP",55.5,60,3,3,3.88,1.23,24,49,19,7,58,0,3,0,0,0,,0,14,-4.022378574,#N/A,#N/A,,,,,
Javier Assad,CHC,SP,65.1,53,3,0,4.17,1.34,30,63,25,8,40,4,3,0,0,0,,0,12,-4.022378574,242,130,,,,,
Carmen Mlodzinski,PIT,"SP,RP",76.4,68,4,0,3.83,1.3,32,73,26,8,42,6,4,0,0,0,,0,11,-4.022378574,#N/A,#N/A,,,,,
Jakob Junis,TEX,RP,63.1,55,3,0,4.06,1.21,28,60,16,8,57,0,3,0,0,0,,0,16,-4.022378574,,374,,,,,
Scott Barlow,ATH,RP,55.8,59,3,3,4.27,1.39,26,48,29,6,58,0,3,0,0,0,,0,12,-4.022378574,#N/A,#N/A,,,,,
A.J. Puk,ARI,RP,34.9,40,2,5,3.41,1.16,13,29,11,4,34,0,1,0,0,0,,0,13,-4.022378574,109,267,,,,,
Drew Anderson,DET,RP,75,82,4,0,3.99,1.27,33,64,31,9,46,5,4,0,0,0,,0,12,-4.022378574,#N/A,#N/A,,,,,
Keegan Akin,BAL,"SP,RP",65.5,66,4,2,4.03,1.27,29,59,24,9,64,0,3,0,0,0,,0,12,-4.022378574,,378,,,,,
Caleb Thielbar,CHC,RP,62,64,4,1,3.72,1.2,26,54,20,8,66,0,3,0,0,0,,0,13,-4.022378574,#N/A,#N/A,,,,,
Ryan Thompson,ARI,RP,60.9,50,4,4,3.92,1.29,27,60,18,6,61,0,3,0,0,0,,0,14,-4.022378574,#N/A,#N/A,,,,,
Eduard Bazardo,SEA,RP,66.7,68,3,1,3.68,1.19,27,56,23,8,65,0,3,0,0,0,,0,13,-4.022378574,#N/A,#N/A,,,,,
Justin Topa,MIN,RP,61.9,51,3,4,4.05,1.33,28,63,20,6,61,0,3,0,0,0,,0,11,-4.022378574,#N/A,#N/A,,,,,
Connor Phillips,CIN,RP,56.7,59,3,1,4.53,1.39,29,50,29,8,51,0,3,0,0,0,,0,13,-4.022378574,#N/A,#N/A,,,,,
Eric Lauer,TOR,"SP,RP",61.9,58,3,0,4.29,1.27,29,58,20,10,41,3,3,0,0,0,,0,13,-4.022378574,#N/A,#N/A,,,,,
Steven Okert,HOU,RP,62.3,71,3,0,3.85,1.19,27,52,22,9,64,0,3,0,0,0,,0,14,-4.022378574,#N/A,#N/A,,,,,
Erik Miller,SF,RP,57.7,62,3,2,3.69,1.37,24,48,31,5,59,0,3,0,0,0,,0,9,-4.022378574,#N/A,#N/A,,,,,
Blake Treinen,LAD,RP,53.9,60,4,1,3.88,1.27,23,47,21,7,54,0,3,0,0,0,,0,12,-4.022378574,163,224,,,,,
Brooks Raley,NYM,RP,56.9,57,3,1,3.78,1.22,24,49,20,6,59,0,3,0,0,0,,0,12,-4.022378574,#N/A,#N/A,,,,,
Bennett Sousa,HOU,RP,52.2,57,3,1,3.56,1.19,21,44,18,6,51,0,2,0,0,0,,0,15,-4.022378574,#N/A,#N/A,,,,,
Tobias Myers,NYM,"SP,RP",66.2,56,4,0,4.14,1.28,30,65,20,9,43,4,3,0,0,0,,0,13,-4.022378574,132,258,,,,,
Elvis Alvarado,ATH,RP,59.3,62,3,3,4.23,1.37,28,52,29,8,56,0,3,0,0,0,,0,13,-4.022378574,#N/A,#N/A,,,,,
Luis Garcia,NYM,RP,57.4,51,3,0,4.01,1.35,26,55,22,6,57,0,3,0,0,0,,0,14,-4.022378574,219,173,,,,,
Kody Funderburk,MIN,RP,61.2,58,3,3,3.87,1.34,26,57,25,5,58,0,3,0,0,0,,0,12,-4.022378574,#N/A,#N/A,,,,,
Mason Montgomery,PIT,RP,61.3,66,3,1,3.96,1.32,27,55,26,7,58,0,3,0,0,0,,0,12,-4.022378574,,394,,,,,
Justin Slaten,BOS,RP,59.9,56,4,1,3.93,1.26,26,56,20,7,57,0,3,0,0,0,,0,14,-4.022378574,194,201,,,,,
Aaron Bummer,ATL,RP,60.2,62,3,0,3.65,1.3,24,56,22,5,58,0,3,0,0,0,,0,16,-4.022378574,#N/A,#N/A,,,,,
Andrew Nardi,MIA,RP,52.4,64,3,0,3.68,1.23,21,44,21,6,54,0,2,0,0,0,,0,11,-4.022378574,,397,,,,,
Anthony Bender,MIA,RP,58.8,55,3,1,3.92,1.3,26,54,23,6,61,0,3,0,0,0,,0,12,-4.022378574,,398,,,,,
Yennier Cano,BAL,RP,57.7,53,3,1,3.82,1.3,24,54,21,6,60,0,3,0,0,0,,0,13,-4.022378574,178,221,,,,,
Tanner Banks,PHI,RP,61.9,58,3,0,3.95,1.23,27,58,18,8,60,0,3,0,0,0,,0,13,-4.022378574,#N/A,#N/A,,,,,
Braydon Fisher,TOR,RP,51.7,58,3,0,3.8,1.28,22,43,23,6,51,0,2,0,0,0,,0,14,-4.022378574,#N/A,#N/A,,,,,
Erik Sabrowski,CLE,RP,58.9,72,3,1,3.89,1.36,25,47,34,6,57,0,3,0,0,0,,0,12,-4.022378574,#N/A,#N/A,,,,,
Seth Halvorsen,COL,RP,46.2,42,2,3,4.63,1.47,24,46,21,6,45,0,3,0,0,0,,0,11,-4.022378574,170,233,,,,,
Justin Wrobleski,LAD,RP,58.6,53,3,0,4.28,1.31,28,56,20,8,33,4,3,0,0,0,,0,13,-4.022378574,,404,,,,,
Jose Butto,SF,"SP,RP",63.8,58,3,2,4.06,1.33,29,58,27,7,58,0,3,0,0,0,,0,10,-4.022378574,269,136,,,,,
Angel Zerpa,MIL,RP,59.7,55,3,0,3.66,1.26,24,55,20,6,60,0,3,0,0,0,,0,13,-4.022378574,#N/A,#N/A,,,,,
Gus Varland,WSH,RP,28.7,27,1,0,4.43,1.38,14,28,12,4,28,0,1,0,0,0,,0,13,-4.022378574,#N/A,#N/A,,,,,
Ryne Stanek,STL,RP,56.8,57,3,3,4.26,1.37,27,51,27,7,60,0,4,0,0,0,,0,15,-4.022378574,,408,,,,,
Tyler Kinley,ATL,RP,62,67,3,1,4.1,1.29,28,54,26,8,63,0,3,0,0,0,,0,17,-4.022378574,,409,,,,,
Chase Silseth,LAA,RP,55.1,54,3,0,4.33,1.38,26,50,26,7,48,0,3,0,0,0,,0,15,-4.022378574,,410,,,,,
PJ Poulin,WSH,RP,57.1,56,3,2,4.04,1.35,26,52,24,6,57,0,3,0,0,0,,0,14,-4.022378574,#N/A,#N/A,,,,,
Jordan Hicks,CWS,"SP,RP",60.8,55,3,1,4.2,1.39,28,58,27,6,55,0,4,0,0,0,,0,15,-4.022378574,173,239,,,,,
Brant Hurter,DET,"SP,RP",53.5,48,3,0,3.72,1.24,22,50,17,5,45,0,3,0,0,0,,0,13,-4.022378574,255,158,,,,,
Greg Weissert,BOS,RP,64.4,58,4,1,4.17,1.31,30,62,23,8,65,0,3,0,0,0,,0,15,-4.022378574,#N/A,#N/A,,,,,
Chris Flexen,,RP,27.4,21,2,0,4.76,1.44,15,30,10,5,12,1,2,0,0,0,,0,0,-4.022378574,#N/A,#N/A,,,,,
Jordan Wicks,CHC,"SP,RP",30.5,28,1,0,4.08,1.31,14,30,10,4,19,2,2,0,0,0,,0,14,-4.022378574,,416,,,,,
Emerson Hancock,SEA,"SP,RP",68.7,54,4,0,4.43,1.32,34,68,23,10,35,7,3,0,0,0,,0,14,-4.022378574,,417,,,,,
Matt Festa,CLE,RP,58.6,58,3,0,4.06,1.27,26,53,21,7,59,0,3,0,0,0,,0,13,-4.022378574,#N/A,#N/A,,,,,
Pierce Johnson,CIN,RP,60.3,66,3,1,4.25,1.32,28,55,24,9,61,0,3,0,0,0,,0,14,-4.022378574,,419,,,,,
Ken Waldichuk,WSH,SP,11.8,12,1,0,4.56,1.45,6,11,6,2,10,0,1,0,0,0,,0,15,-4.022378574,#N/A,#N/A,,,,,
Jack Dreyer,LAD,"SP,RP",52.3,51,3,0,3.86,1.24,22,46,19,6,52,0,2,0,0,0,,0,14,-4.022378574,#N/A,#N/A,,,,,
Cade Gibson,MIA,RP,61,48,3,0,4.19,1.38,28,60,24,6,54,0,3,0,0,0,,0,13,-4.022378574,#N/A,#N/A,,,,,
Tommy Nance,TOR,RP,55.8,54,3,0,3.81,1.26,24,53,18,6,54,0,3,0,0,0,,0,15,-4.022378574,#N/A,#N/A,,,,,
John Schreiber,KC,RP,62.1,57,3,1,4.11,1.3,28,58,23,7,65,0,3,0,0,0,,0,12,-4.022378574,#N/A,#N/A,,,,,
Jose Leclerc,,RP,36,40,2,0,4.22,1.32,17,31,17,5,36,0,2,0,0,0,,0,0,-4.022378574,218,207,,,,,
Brusdar Graterol,LAD,RP,41.7,35,3,0,3.44,1.2,16,38,12,4,41,0,1,0,0,0,,0,15,-4.022378574,#N/A,#N/A,,,,,
Paul Blackburn,NYY,"SP,RP",60.7,51,3,0,4.44,1.32,30,61,19,8,46,3,3,0,0,0,,0,14,-4.022378574,,427,,,,,
Sean Newcomb,CWS,"SP,RP",67.9,64,3,1,4.02,1.35,30,64,28,7,55,2,3,0,0,0,,0,16,-4.022378574,#N/A,#N/A,,,,,
Kendall Graveman,,RP,36.3,31,2,0,4.55,1.48,18,36,18,4,36,0,2,0,0,0,,0,0,-4.022378574,#N/A,#N/A,,,,,
Hoby Milner,CHC,RP,61.7,52,3,0,3.85,1.27,26,60,18,6,62,0,3,0,0,0,,0,15,-4.022378574,#N/A,#N/A,,,,,
Hector Neris,KC,RP,21.3,22,1,0,4.55,1.38,11,19,10,3,22,0,2,0,0,0,,0,13,-4.022378574,,431,,,,,
Vince Velasquez,CHC,SP,8.7,9,0,0,4.57,1.43,4,8,5,1,8,0,1,0,0,0,,0,16,-4.022378574,#N/A,#N/A,,,,,
Mason Englert,TB,RP,60.3,56,3,0,4.06,1.25,27,57,18,8,53,0,3,0,0,0,,0,14,-4.022378574,#N/A,#N/A,,,,,
Colin Holderman,CLE,RP,42.3,40,2,0,4.21,1.36,20,40,18,5,42,0,2,0,0,0,,0,14,-4.022378574,#N/A,#N/A,,,,,
Trevor Williams,WSH,SP,30.2,24,1,0,4.53,1.37,15,32,9,5,19,2,2,0,0,0,,0,16,-4.022378574,244,191,,,,,
Brendon Little,TOR,RP,53.7,58,3,0,3.55,1.37,21,45,28,4,56,0,3,0,0,0,,0,16,-4.022378574,#N/A,#N/A,,,,,
Julian Fernandez,WSH,RP,38,38,2,0,4.12,1.28,17,35,14,5,37,0,2,0,0,0,,0,17,-4.022378574,#N/A,#N/A,,,,,
Isaac Mattson,PIT,RP,62.5,60,3,2,4.24,1.36,29,56,28,8,60,0,3,0,0,0,,0,13,-4.022378574,#N/A,#N/A,,,,,
Tim Herrin,CLE,RP,52.4,54,3,0,3.84,1.33,22,45,25,5,55,0,3,0,0,0,,0,15,-4.022378574,#N/A,#N/A,,,,,
Jovani Moran,BOS,RP,48,52,3,0,3.82,1.32,20,42,21,5,46,0,2,0,0,0,,0,16,-4.022378574,#N/A,#N/A,,,,,
Jimmy Herget,COL,RP,74.8,69,3,2,4.45,1.33,37,75,24,11,68,0,4,0,0,0,,0,12,-4.022378574,#N/A,#N/A,,,,,
Brock Burke,CIN,RP,61.8,56,3,0,4.21,1.31,29,60,21,8,63,0,3,0,0,0,,0,15,-4.022378574,#N/A,#N/A,,,,,
Carlos Lagrange,NYY,SP,10.8,12,1,0,4.38,1.45,5,9,7,1,9,1,1,0,0,0,,0,15,-4.022378574,#N/A,#N/A,,,,,
Nick Mears,KC,RP,60.1,58,3,0,4.15,1.3,28,55,23,7,61,0,3,0,0,0,,0,14,-4.022378574,#N/A,#N/A,,,,,
Sam Hentges,SF,RP,42.2,42,2,0,3.57,1.26,17,38,15,4,42,0,2,0,0,0,,0,11,-4.022378574,#N/A,#N/A,,,,,
Liam Hendriks,MIN,RP,27.4,27,2,3,4.31,1.32,13,25,11,4,28,0,2,0,0,0,,0,13,-4.022378574,111,335,,,,,
Cole Winn,TEX,RP,62.2,54,3,4,4.36,1.38,30,57,29,8,55,0,3,0,0,0,,0,17,-4.022378574,#N/A,#N/A,,,,,
Juan Mejia,COL,RP,64.3,67,3,3,4.49,1.42,32,61,30,8,63,0,3,0,0,0,,0,13,-4.022378574,#N/A,#N/A,,,,,
Wandy Peralta,SD,RP,58.3,50,3,0,3.88,1.34,25,54,24,6,60,0,3,0,0,0,,0,15,-4.022378574,#N/A,#N/A,,,,,
Danny Coulombe,BOS,RP,49.1,48,3,0,3.8,1.26,21,44,18,5,52,0,2,0,0,0,,0,17,-4.022378574,#N/A,#N/A,,,,,
AJ Blubaugh,HOU,"SP,RP",44.2,40,2,0,4.48,1.36,22,42,19,7,31,3,3,0,0,0,,0,16,-4.022378574,#N/A,#N/A,,,,,
Ryan Yarbrough,NYY,"SP,RP",63.1,51,3,0,4.36,1.26,31,61,19,10,43,2,3,0,0,0,,0,16,-4.022378574,#N/A,#N/A,,,,,
Brent Headrick,NYY,RP,47.8,49,2,0,4.04,1.23,21,43,16,7,42,0,2,0,0,0,,0,17,-4.022378574,#N/A,#N/A,,,,,
David Morgan,SD,RP,58.9,60,3,0,4.13,1.32,27,53,25,7,56,0,3,0,0,0,,0,16,-4.022378574,#N/A,#N/A,,,,,
Ben Casparius,LAD,"SP,RP",57.4,54,3,0,4.44,1.32,28,54,22,8,49,0,3,0,0,0,,0,16,-4.022378574,#N/A,#N/A,,,,,
Cole Sulser,TB,RP,52,48,3,0,4.11,1.3,24,49,19,7,49,0,3,0,0,0,,0,15,-4.022378574,#N/A,#N/A,,,,,
Justin Wilson,,RP,42.9,46,2,0,3.75,1.28,18,39,16,5,44,0,2,0,0,0,,0,0,-4.022378574,#N/A,#N/A,,,,,
Enyel De Los Santos,HOU,RP,60.5,58,3,0,4.32,1.29,29,56,22,9,60,0,3,0,0,0,,0,17,-4.022378574,#N/A,#N/A,,,,,
Jacob Webb,CHC,RP,54.5,51,3,0,4.26,1.29,26,49,22,7,54,0,3,0,0,0,,0,17,-4.022378574,#N/A,#N/A,,,,,
Justin Lawrence,PIT,RP,56.7,56,3,1,4.08,1.38,26,52,27,5,54,0,3,0,0,0,,0,14,-4.022378574,#N/A,#N/A,,,,,
Kevin Kelly,TB,RP,45.5,40,2,0,3.87,1.2,20,43,11,5,45,0,3,0,0,0,,0,16,-4.022378574,#N/A,#N/A,,,,,
Drey Jameson,ARI,RP,34.1,31,2,0,4.27,1.37,16,33,14,4,30,0,1,0,0,0,,0,15,-4.022378574,#N/A,#N/A,,,,,
Jack Perkins,ATH,RP,32.7,31,2,0,3.8,1.29,14,28,14,4,24,1,2,0,0,0,,0,14,-4.022378574,#N/A,#N/A,,,,,
Jonathan Bowlan,PHI,RP,55.4,53,3,0,4.14,1.29,25,52,19,7,50,0,3,0,0,0,,0,14,-4.022378574,#N/A,#N/A,,,,,
Brock Stewart,LAD,RP,34,39,2,0,3.98,1.26,15,29,14,5,35,0,1,0,0,0,,0,17,-4.022378574,#N/A,#N/A,,,,,
Yoendrys Gomez,TB,"SP,RP",52,52,3,0,4.3,1.31,25,47,21,7,36,3,3,0,0,0,,0,17,-4.022378574,#N/A,#N/A,,,,,
Mason Fluharty,TOR,RP,42.7,44,2,0,3.99,1.29,19,37,18,5,43,0,2,0,0,0,,0,17,-4.022378574,#N/A,#N/A,,,,,
Sawyer Gipson-Long,DET,"SP,RP",30.7,28,1,0,4.08,1.21,14,29,8,4,21,2,2,0,0,0,,0,14,-4.022378574,#N/A,#N/A,,,,,
Ryan Brasier,TEX,RP,43.1,38,2,0,3.98,1.23,19,40,13,5,42,0,2,0,0,0,,0,18,-4.022378574,#N/A,#N/A,,,,,
Justin Martinez,ARI,RP,21.7,27,1,1,3.24,1.3,8,17,11,1,21,0,1,0,0,0,,0,16,-4.022378574,89,381,,,,,
Brandon Eisert,CWS,"SP,RP",47,45,2,0,4.22,1.32,22,45,17,6,45,0,3,0,0,0,,0,17,-4.022378574,#N/A,#N/A,,,,,
Rob Zastryzny,MIL,RP,46.3,43,2,0,4.18,1.31,21,44,17,6,47,0,2,0,0,0,,0,14,-4.022378574,#N/A,#N/A,,,,,
Evan Phillips,LAD,RP,24.9,26,2,0,3.48,1.16,10,21,8,3,26,0,1,0,0,0,,0,18,-4.022378574,143,330,,,,,
Mike Vasil,CWS,"SP,RP",73.5,58,3,1,4.43,1.4,36,71,32,9,55,1,4,0,0,0,,0,18,-4.022378574,#N/A,#N/A,,,,,
Joel Payamps,ATL,RP,51.4,48,3,0,4.11,1.27,23,49,16,7,53,0,2,0,0,0,,0,18,-4.022378574,176,299,,,,,
Grant Anderson,MIL,RP,57.3,58,3,0,4.18,1.31,27,52,22,8,56,0,3,0,0,0,,0,15,-4.022378574,#N/A,#N/A,,,,,
Caleb Ferguson,CIN,RP,52.5,49,3,0,4.1,1.32,24,49,20,6,55,0,3,0,0,0,,0,16,-4.022378574,#N/A,#N/A,,,,,
Adbert Alzolay,NYM,RP,43.7,42,2,0,4.16,1.25,20,40,14,6,42,0,3,0,0,0,,0,15,-4.022378574,,478,,,,,
Ryan Zeferjahn,LAA,RP,59.5,67,3,1,4.4,1.38,29,51,31,9,59,0,3,0,0,0,,0,16,-4.022378574,#N/A,#N/A,,,,,
Josh Simpson,SEA,RP,24.2,25,1,0,4.17,1.39,11,21,12,3,25,0,1,0,0,0,,0,15,-4.022378574,#N/A,#N/A,,,,,
Josh White,MIA,RP,44.4,46,3,0,3.97,1.3,20,39,18,5,42,0,2,0,0,0,,0,14,-4.022378574,#N/A,#N/A,,,,,
Gavin Stone,LAD,SP,27.6,23,2,0,4.31,1.31,13,27,9,4,12,3,1,0,0,0,,0,19,-4.022378574,,482,,,,,
Bradgley Rodriguez,SD,RP,44.7,41,3,0,4.18,1.39,21,41,21,5,43,0,2,0,0,0,,0,17,-4.022378574,#N/A,#N/A,,,,,
Felix Bautista,BAL,RP,10.7,14,1,0,3.24,1.18,4,8,5,1,11,0,1,0,0,0,,0,14,-4.022378574,38,446,,,,,
Triston McKenzie,SD,"SP,RP",9.3,9,1,0,4.87,1.47,5,9,5,2,8,0,1,0,0,0,,0,18,-4.022378574,175,310,,,,,
Sam Bachman,LAA,RP,47.1,40,2,1,4.45,1.45,23,46,22,5,46,0,3,0,0,0,,0,17,-4.022378574,#N/A,#N/A,,,,,
Spencer Bivens,SF,RP,68.6,52,3,0,4.19,1.34,32,70,22,8,61,0,3,0,0,0,,0,12,-4.022378574,#N/A,#N/A,,,,,
DL Hall,MIL,"SP,RP",52.8,50,3,0,4.12,1.35,24,48,24,6,45,0,2,0,0,0,,0,16,-4.022378574,253,235,,,,,
Huascar Brazoban,NYM,"SP,RP",52.9,50,3,0,4.07,1.34,24,48,23,6,50,0,3,0,0,0,,0,16,-4.022378574,#N/A,#N/A,,,,,
Tommy Kahnle,BOS,RP,48.2,43,2,1,4.37,1.41,23,45,23,6,50,0,3,0,0,0,,0,18,-4.022378574,203,287,,,,,
Cooper Criswell,SEA,RP,61.8,51,3,0,4.07,1.29,28,60,20,7,41,3,3,0,0,0,,0,16,-4.022378574,#N/A,#N/A,,,,,
Jake Bird,NYY,RP,55,57,3,0,3.95,1.3,24,48,23,6,52,0,3,0,0,0,,0,18,-4.022378574,#N/A,#N/A,,,,,
Dietrich Enns,BAL,"SP,RP",61,56,3,0,4.2,1.33,28,61,21,8,51,1,3,0,0,0,,0,15,-4.022378574,#N/A,#N/A,,,,,
Jalen Beeks,TEX,RP,52.4,46,3,0,4.03,1.34,23,50,21,6,53,0,3,0,0,0,,0,19,-4.022378574,#N/A,#N/A,,,,,
Matt Gage,SF,RP,52.8,45,2,0,4.02,1.35,24,52,19,5,52,0,2,0,0,0,,0,13,-4.022378574,#N/A,#N/A,,,,,
Ryan Lambert,NYM,RP,29.2,33,1,0,4.11,1.35,13,25,15,4,29,0,2,0,0,0,,0,17,-4.022378574,#N/A,#N/A,,,,,
Kade Strowd,ARI,RP,42.6,40,2,0,4.16,1.4,20,40,19,4,41,0,2,0,0,0,,0,17,-4.022378574,#N/A,#N/A,,,,,
Joel Peguero,SF,RP,46.7,39,2,2,4.44,1.43,23,47,20,5,45,0,2,0,0,0,,0,14,-4.022378574,#N/A,#N/A,,,,,
Brenan Hanifee,DET,RP,58.7,44,3,0,3.95,1.3,26,60,17,6,55,0,3,0,0,0,,0,15,-4.022378574,#N/A,#N/A,,,,,
Zach Agnos,COL,RP,57.8,46,3,3,5.03,1.46,32,60,24,9,57,0,4,0,0,0,,0,14,-4.022378574,#N/A,#N/A,,,,,
Luke Jackson,,RP,42.3,39,2,1,4.3,1.4,20,40,20,5,42,0,2,0,0,0,,0,0,-4.022378574,#N/A,#N/A,,,,,
Ian Hamilton,ATL,RP,42.3,44,2,0,3.95,1.35,19,38,19,4,40,0,2,0,0,0,,0,19,-4.022378574,#N/A,#N/A,,,,,
Josh Sborz,TEX,RP,50.7,52,2,0,4.13,1.31,23,46,21,6,49,0,3,0,0,0,,0,20,-4.022378574,#N/A,#N/A,,,,,
Mike Clevinger,PIT,RP,30.5,24,1,0,4.76,1.41,16,32,11,4,25,2,2,0,0,0,,0,15,-4.022378574,#N/A,#N/A,,,,,
Jaden Hill,COL,RP,42.9,42,2,0,4.4,1.37,21,42,17,5,41,0,2,0,0,0,,0,15,-4.022378574,#N/A,#N/A,,,,,
Andre Granillo,WSH,RP,48.2,47,2,1,4.35,1.34,23,44,21,7,45,0,3,0,0,0,,0,18,-4.022378574,#N/A,#N/A,,,,,
Brady Basso,ATH,RP,35,31,2,0,4.15,1.31,16,34,12,5,31,0,2,0,0,0,,0,15,-4.022378574,#N/A,#N/A,,,,,
Griff McGarry,WSH,SP,47.7,53,2,0,4.29,1.44,23,40,29,5,44,0,2,0,0,0,,0,19,-4.022378574,#N/A,#N/A,,,,,
Dauri Moreta,,RP,33,39,2,0,3.84,1.26,14,27,15,4,33,0,2,0,0,0,,0,0,-4.022378574,#N/A,#N/A,,,,,
Blade Tidwell,SF,"SP,RP",33.5,29,2,0,4.47,1.38,17,33,14,5,17,3,2,0,0,0,,0,15,-4.022378574,#N/A,#N/A,,,,,
Jason Foley,SF,RP,28.8,23,2,0,3.59,1.24,12,28,8,2,30,0,1,0,0,0,,0,16,-4.022378574,112,399,,,,,
Travis Sykora,WSH,SP,16.5,17,1,0,4.91,1.58,9,16,11,2,16,1,1,0,0,0,,0,20,-4.022378574,,512,,,,,
Gregory Santos,SF,RP,36.7,32,2,2,3.9,1.39,16,35,16,3,35,0,1,0,0,0,,0,17,-4.022378574,,513,,,,,
Anthony Banda,MIN,RP,56.4,55,3,1,4.32,1.37,27,52,25,7,56,0,3,0,0,0,,0,14,-4.022378574,#N/A,#N/A,,,,,
Craig Yoho,MIL,RP,37.2,40,2,0,3.88,1.32,16,32,17,4,37,0,2,0,0,0,,0,17,-4.022378574,,515,,,,,
Luis Medina,ATH,SP,68,62,4,0,4.61,1.42,35,65,31,9,36,7,4,0,0,0,,0,16,-4.022378574,#N/A,#N/A,,,,,
Craig Kimbrel,NYM,RP,18.2,21,1,0,4.19,1.32,8,15,9,3,19,0,1,0,0,0,,0,18,-4.022378574,186,331,,,,,
Casey Legumina,SEA,RP,48.3,47,3,0,4.17,1.31,22,44,19,6,46,0,3,0,0,0,,0,17,-4.022378574,#N/A,#N/A,,,,,
Michael Kopech,,RP,39.7,43,2,0,4.48,1.42,20,33,23,5,39,0,2,0,0,0,,0,0,-4.022378574,117,402,,,,,
Tyler Alexander,TEX,"SP,RP",71.1,59,4,1,4.56,1.28,36,72,19,11,54,2,4,0,0,0,,0,21,-4.022378574,#N/A,#N/A,,,,,
Lake Bachar,MIA,RP,49.8,50,3,0,4.32,1.34,24,46,21,7,47,0,3,0,0,0,,0,15,-4.022378574,#N/A,#N/A,,,,,
Yohan Ramirez,PIT,RP,52.3,53,3,0,4.14,1.34,24,48,22,5,49,0,3,0,0,0,,0,16,-4.022378574,#N/A,#N/A,,,,,
Austin Warren,NYM,RP,41.3,38,2,0,4.3,1.32,20,39,15,6,38,0,2,0,0,0,,0,19,-4.022378574,#N/A,#N/A,,,,,
Ryan Fernandez,STL,RP,47.6,49,3,0,4.11,1.35,22,43,21,5,46,0,3,0,0,0,,0,16,-4.022378574,,524,,,,,
Colin Selby,BAL,RP,41.9,44,2,0,4,1.32,19,37,18,5,40,0,2,0,0,0,,0,16,-4.022378574,#N/A,#N/A,,,,,
Connor Prielipp,MIN,SP,56,53,3,0,4.25,1.36,26,55,21,6,35,5,3,0,0,0,,0,15,-4.022378574,#N/A,#N/A,,,,,
Yuki Matsui,SD,RP,49.1,49,2,0,4.17,1.33,23,43,22,7,49,0,2,0,0,0,,0,19,-4.022378574,251,276,,,,,
Tim Hill,NYY,RP,64.5,38,4,0,4.08,1.34,29,68,19,6,64,0,3,0,0,0,,0,19,-4.022378574,,528,,,,,
Brandan Bidois,PIT,RP,47,44,2,0,4.51,1.43,24,44,23,6,46,0,3,0,0,0,,0,17,-4.022378574,#N/A,#N/A,,,,,
Coleman Crow,MIL,SP,19.7,20,1,0,3.73,1.2,8,18,6,2,16,1,1,0,0,0,,0,18,-4.022378574,#N/A,#N/A,,,,,
Michael Kelly,ATH,RP,58.5,50,3,3,4.61,1.41,30,57,25,8,57,0,3,0,0,0,,0,17,-4.022378574,#N/A,#N/A,,,,,
Eric Orze,MIN,RP,58.4,58,3,1,4.17,1.36,27,53,26,7,55,0,3,0,0,0,,0,16,-4.022378574,#N/A,#N/A,,,,,
Daniel Lynch,KC,RP,59.6,45,3,0,4.35,1.34,29,60,20,8,53,0,3,0,0,0,,0,15,-4.022378574,,533,,,,,
Hayden Harris,ATL,RP,41,46,2,0,3.96,1.3,18,35,18,5,41,0,2,0,0,0,,0,20,-4.022378574,#N/A,#N/A,,,,,
Tyler Phillips,MIA,RP,67.3,50,3,2,4.41,1.38,33,70,23,8,59,0,3,0,0,0,,0,16,-4.022378574,#N/A,#N/A,,,,,
Jonathan Loaisiga,ARI,RP,49.9,41,3,1,3.95,1.31,22,50,16,5,49,0,2,0,0,0,,0,18,-4.022378574,#N/A,#N/A,,,,,
Chase Petty,CIN,SP,45.6,35,2,0,5.13,1.51,26,48,21,7,27,4,4,0,0,0,,0,17,-4.022378574,#N/A,#N/A,,,,,
Dylan Dodd,ATL,RP,44.1,38,2,0,4.2,1.28,21,45,12,6,40,0,2,0,0,0,,0,21,-4.022378574,#N/A,#N/A,,,,,
Porter Hodge,CHC,RP,32.7,36,2,0,4.11,1.38,15,27,18,4,32,0,2,0,0,0,,0,18,-4.022378574,101,438,,,,,
Hayden Wesneski,HOU,SP,25.7,25,2,0,4.2,1.24,12,24,8,4,17,2,1,0,0,0,,0,18,-4.022378574,239,301,,,,,
Shane Drohan,MIL,SP,36.9,37,2,0,4.1,1.32,17,33,16,5,24,3,2,0,0,0,,0,19,-4.022378574,#N/A,#N/A,,,,,
Jack Kochanowicz,LAA,SP,54.2,35,2,0,5.04,1.49,30,59,21,7,28,6,3,0,0,0,,0,18,-4.022378574,,542,,,,,
Taylor Clarke,ARI,RP,57.5,47,3,1,4.34,1.29,28,58,17,8,56,0,3,0,0,0,,0,19,-4.022378574,#N/A,#N/A,,,,,
Sam Moll,CIN,RP,47,46,3,0,4.23,1.35,22,43,20,5,49,0,2,0,0,0,,0,18,-4.022378574,#N/A,#N/A,,,,,
Mitchell Parker,WSH,SP,48.1,37,3,0,4.59,1.37,24,50,16,7,27,4,3,0,0,0,,0,21,-4.022378574,224,321,,,,,
Ricky Tiedemann,TOR,SP,18.6,19,1,0,4.27,1.38,9,17,9,2,12,2,1,0,0,0,,0,18,-4.022378574,#N/A,#N/A,,,,,
Bryan Hudson,NYM,RP,40.2,39,2,0,3.94,1.31,18,36,17,5,38,0,2,0,0,0,,0,20,-4.022378574,,547,,,,,
Juan Morillo,ARI,RP,43.9,40,2,0,4.3,1.49,21,43,23,4,46,0,2,0,0,0,,0,20,-4.022378574,#N/A,#N/A,,,,,
Yariel Rodriguez,TOR,RP,39.5,38,2,0,4.11,1.33,18,34,19,5,38,0,2,0,0,0,,0,19,-4.022378574,236,313,,,,,
Joe Jimenez,ATL,RP,22.2,26,1,0,3.69,1.17,9,19,7,2,22,0,1,0,0,0,,0,22,-4.022378574,,550,,,,,
Ryan Gusto,MIA,"SP,RP",51.4,44,3,0,4.56,1.36,26,52,18,7,32,4,3,0,0,0,,0,17,-4.022378574,#N/A,#N/A,,,,,
Carter Baumler,TEX,"SP,RP",46.6,40,2,0,4.65,1.41,24,45,21,6,45,0,3,0,0,0,,0,22,-4.022378574,#N/A,#N/A,,,,,
Justin Bruihl,STL,RP,49.8,45,3,0,4.05,1.34,22,48,19,5,50,0,3,0,0,0,,0,17,-4.022378574,#N/A,#N/A,,,,,
Andrew Chafin,MIN,RP,48.9,52,2,0,4.13,1.41,22,45,24,5,51,0,3,0,0,0,,0,17,-4.022378574,#N/A,#N/A,,,,,
Brent Suter,LAA,"SP,RP",63.2,49,2,0,4.39,1.32,31,64,19,9,59,0,3,0,0,0,,0,19,-4.022378574,#N/A,#N/A,,,,,
James McArthur,KC,RP,30.8,28,2,0,4.14,1.31,14,30,10,4,30,0,2,0,0,0,,0,16,-4.022378574,#N/A,#N/A,,,,,
Luis Perales,WSH,"SP,RP",19.3,20,1,0,4.2,1.4,9,17,10,2,18,0,1,0,0,0,,0,22,-4.022378574,#N/A,#N/A,,,,,
Hunter Bigge,TB,RP,46.9,48,2,0,4.17,1.33,22,42,20,6,45,0,2,0,0,0,,0,18,-4.022378574,,558,,,,,
Gordon Graceffo,STL,RP,59.2,47,3,0,4.35,1.35,29,61,19,7,50,0,3,0,0,0,,0,18,-4.022378574,#N/A,#N/A,,,,,
Nick Raquet,STL,RP,30,24,2,0,4.3,1.37,14,30,11,4,29,0,2,0,0,0,,0,19,-4.022378574,#N/A,#N/A,,,,,
Jose Fermin,LAA,RP,39.7,42,2,0,4.38,1.38,19,35,20,6,41,0,3,0,0,0,,0,20,-4.022378574,#N/A,#N/A,,,,,
Carlos Vargas,SEA,RP,55.7,43,3,0,4.1,1.34,25,55,20,6,55,0,3,0,0,0,,0,18,-4.022378574,#N/A,#N/A,,,,,
Zack Kelly,BOS,"SP,RP",55.4,54,3,0,4.32,1.38,27,51,26,7,53,0,3,0,0,0,,0,19,-4.022378574,#N/A,#N/A,,,,,
Bobby Miller,LAD,SP,21.5,20,1,0,4.59,1.4,11,20,10,3,18,0,1,0,0,0,,0,20,-4.022378574,160,404,,,,,
Alex Lange,KC,RP,47.3,50,3,0,4.06,1.41,21,41,26,5,47,0,2,0,0,0,,0,17,-4.022378574,#N/A,#N/A,,,,,
Edgardo Henriquez,LAD,RP,42.3,45,2,0,4.26,1.36,20,38,20,5,43,0,2,0,0,0,,0,21,-4.022378574,#N/A,#N/A,,,,,
Jose Suarez,ATL,RP,36.6,35,2,0,4.17,1.31,17,35,13,5,30,0,2,0,0,0,,0,23,-4.022378574,#N/A,#N/A,,,,,
Steven Cruz,KC,RP,44.4,41,2,0,4.23,1.34,21,41,19,5,44,0,2,0,0,0,,0,18,-4.022378574,#N/A,#N/A,,,,,
Matt Pushard,STL,RP,52.4,46,3,0,4.26,1.34,25,51,20,7,51,0,3,0,0,0,,0,20,-4.022378574,#N/A,#N/A,,,,,
Ron Marinaccio,SD,RP,42.1,41,2,0,4.34,1.35,20,38,19,5,40,0,2,0,0,0,,0,20,-4.022378574,#N/A,#N/A,,,,,
Kai-Wei Teng,HOU,"SP,RP",46.3,47,3,0,4.36,1.35,22,43,20,6,33,3,3,0,0,0,,0,19,-4.022378574,#N/A,#N/A,,,,,
Miguel Ullola,HOU,"SP,RP",16.3,18,2,0,4.03,1.36,7,14,9,2,15,0,2,0,0,0,,0,20,-4.022378574,#N/A,#N/A,,,,,
Evan Sisk,PIT,RP,41,40,2,0,3.89,1.37,18,38,18,4,40,0,2,0,0,0,,0,18,-4.022378574,#N/A,#N/A,,,,,
JT Brubaker,SF,RP,56,47,2,0,4.36,1.35,27,55,21,7,48,0,3,0,0,0,,0,18,-4.022378574,#N/A,#N/A,,,,,
Keider Montero,DET,"SP,RP",57.7,48,3,0,4.55,1.35,29,58,20,9,26,5,3,0,0,0,,0,16,-4.022378574,,575,,,,,
Daniel Espino,CLE,SP,22.3,23,1,0,4.27,1.4,11,20,11,3,19,1,2,0,0,0,,0,16,-4.022378574,#N/A,#N/A,,,,,
Tyler Ferguson,ATH,RP,51.7,51,3,1,4.28,1.38,25,46,26,6,50,0,3,0,0,0,,0,18,-4.022378574,#N/A,#N/A,,,,,
Garrett Hawkins,SD,RP,26.8,27,2,0,4.19,1.33,12,24,11,4,26,0,2,0,0,0,,0,21,-4.022378574,#N/A,#N/A,,,,,
Keaton Winn,SF,"SP,RP",46.8,42,2,1,4.12,1.3,21,46,14,5,37,1,2,0,0,0,,0,19,-4.022378574,#N/A,#N/A,,,,,
Luke Little,CHC,RP,21.9,25,1,0,3.67,1.38,9,17,13,2,23,0,1,0,0,0,,0,19,-4.022378574,#N/A,#N/A,,,,,
Ryan Watson,BOS,"SP,RP",29,25,2,0,4.33,1.35,14,29,10,4,29,0,1,0,0,0,,0,20,-4.022378574,#N/A,#N/A,,,,,
Kyle Hurt,LAD,RP,39.3,42,2,0,4.26,1.38,19,36,18,5,21,4,2,0,0,0,,0,22,-4.022378574,#N/A,#N/A,,,,,
Jackson Rutledge,WSH,"SP,RP",59.3,51,3,2,4.71,1.39,31,59,24,9,54,0,3,0,0,0,,0,23,-4.022378574,#N/A,#N/A,,,,,
Manuel Rodriguez,TB,RP,15.3,14,1,0,3.7,1.24,6,14,5,1,15,0,1,0,0,0,,0,19,-4.022378574,#N/A,#N/A,,,,,
Will Klein,LAD,RP,51.2,57,3,0,4.33,1.45,25,45,30,6,50,0,3,0,0,0,,0,23,-4.022378574,#N/A,#N/A,,,,,
Yaramil Hiraldo,BAL,RP,34.6,37,2,0,4.14,1.27,16,31,13,5,34,0,1,0,0,0,,0,17,-4.022378574,#N/A,#N/A,,,,,
Brennan Bernardino,COL,"SP,RP",55.7,50,3,0,4.5,1.46,28,56,25,6,58,0,3,0,0,0,,0,16,-4.022378574,#N/A,#N/A,,,,,
Colton Gordon,HOU,"SP,RP",32.1,27,2,0,4.38,1.3,16,32,9,5,23,1,1,0,0,0,,0,21,-4.022378574,#N/A,#N/A,,,,,
Luinder Avila,KC,RP,37.7,33,2,0,4.26,1.38,18,36,16,4,34,0,2,0,0,0,,0,19,-4.022378574,#N/A,#N/A,,,,,
Chase Lee,TOR,RP,27.9,27,2,0,4.07,1.25,13,26,9,4,27,0,2,0,0,0,,0,20,-4.022378574,#N/A,#N/A,,,,,
DJ Herz,WSH,SP,24.9,27,1,0,4.14,1.35,11,21,12,3,15,2,1,0,0,0,,0,24,-4.022378574,157,434,,,,,
Bailey Falter,KC,SP,68.3,50,3,0,4.68,1.35,36,69,23,10,40,5,4,0,0,0,,0,20,-4.022378574,,592,,,,,
Brandyn Garcia,ARI,RP,36.7,33,2,0,4.14,1.42,17,35,17,3,33,0,2,0,0,0,,0,21,-4.022378574,#N/A,#N/A,,,,,
Cristian Mena,ARI,"SP,RP",19.7,18,1,0,4.17,1.34,9,19,8,2,12,2,1,0,0,0,,0,22,-4.022378574,#N/A,#N/A,,,,,
Nate Pearson,HOU,RP,46.1,46,2,0,4.4,1.36,23,42,21,6,44,0,2,0,0,0,,0,22,-4.022378574,,595,,,,,
Zach Maxwell,CIN,RP,37.7,39,2,0,4.63,1.48,19,35,21,5,37,0,2,0,0,0,,0,19,-4.022378574,#N/A,#N/A,,,,,
Rico Garcia,BAL,RP,52.9,54,2,0,4.45,1.37,26,49,23,8,50,0,2,0,0,0,,0,18,-4.022378574,#N/A,#N/A,,,,,
Easton McGee,MIL,RP,32.4,28,2,0,4.04,1.28,15,31,11,4,29,0,1,0,0,0,,0,20,-4.022378574,#N/A,#N/A,,,,,
Travis Adams,MIN,"SP,RP",62,49,3,0,4.61,1.39,32,64,22,8,44,2,4,0,0,0,,0,18,-4.022378574,#N/A,#N/A,,,,,
Anthony Nunez,BAL,RP,23.5,25,2,0,3.99,1.29,10,20,10,3,23,0,1,0,0,0,,0,19,-4.022378574,#N/A,#N/A,,,,,
Nick Sandlin,LAA,RP,43.2,45,2,0,4.38,1.32,21,38,20,6,45,0,2,0,0,0,,0,21,-4.022378574,#N/A,#N/A,,,,,
Andrew Walters,CLE,RP,30.6,36,2,0,4.1,1.34,14,25,16,4,31,0,2,0,0,0,,0,17,-4.022378574,#N/A,#N/A,,,,,
Jose Corniell,TEX,"SP,RP",18.5,17,1,0,3.67,1.18,8,16,6,2,15,0,1,0,0,0,,0,23,-4.022378574,#N/A,#N/A,,,,,
Karson Milbrandt,MIA,SP,12,10,0,0,4.67,1.49,6,12,6,2,12,0,1,0,0,0,,0,18,-4.022378574,#N/A,#N/A,,,,,
Tristan Beck,SF,RP,28.6,25,1,0,4.09,1.28,13,27,9,3,23,0,1,0,0,0,,0,20,-4.022378574,#N/A,#N/A,,,,,
Richard Lovelady,NYM,RP,26.6,24,1,0,4.01,1.29,12,25,9,3,26,0,1,0,0,0,,0,21,-4.022378574,#N/A,#N/A,,,,,
Ethan Roberts,CHC,RP,38.2,38,2,0,4.28,1.33,18,35,16,5,37,0,2,0,0,0,,0,20,-4.022378574,#N/A,#N/A,,,,,
Luis Mey,CIN,RP,34.7,33,2,0,4.63,1.54,18,32,21,4,35,0,2,0,0,0,,0,20,-4.022378574,#N/A,#N/A,,,,,
Chris Murphy,CWS,RP,49.2,44,2,0,4.3,1.39,24,45,23,6,42,0,3,0,0,0,,0,19,-4.022378574,#N/A,#N/A,,,,,
Emiliano Teodo,TEX,RP,15.8,16,1,0,4.63,1.54,8,14,10,2,16,0,1,0,0,0,,0,24,-4.022378574,#N/A,#N/A,,,,,
Joey Lucchesi,SF,RP,27,21,1,0,4.26,1.38,13,27,10,3,24,0,1,0,0,0,,0,21,-4.022378574,#N/A,#N/A,,,,,
Connor Brogdon,CLE,RP,50.8,51,3,0,4.52,1.35,26,48,21,8,49,0,3,0,0,0,,0,18,-4.022378574,#N/A,#N/A,,,,,
Ronel Blanco,HOU,SP,20.7,21,1,0,4.26,1.3,10,18,8,3,10,2,1,0,0,0,,0,23,-4.022378574,82,531,,,,,
Justin Hagenman,NYM,RP,22.4,21,1,0,4.19,1.22,10,22,6,3,19,0,1,0,0,0,,0,22,-4.022378574,#N/A,#N/A,,,,,
Dylan Smith,DET,RP,22.8,21,1,0,4.14,1.35,10,21,10,3,20,0,1,0,0,0,,0,17,-4.022378574,#N/A,#N/A,,,,,
Yosver Zulueta,SEA,RP,30.7,32,2,0,3.82,1.34,13,26,15,3,29,0,1,0,0,0,,0,19,-4.022378574,#N/A,#N/A,,,,,
Andrew Hoffmann,ARI,RP,48.2,44,3,0,4.27,1.38,23,48,19,6,44,0,3,0,0,0,,0,23,-4.022378574,#N/A,#N/A,,,,,
Philip Abner,ARI,RP,35.3,33,2,0,4.23,1.36,17,34,14,4,36,0,2,0,0,0,,0,24,-4.022378574,#N/A,#N/A,,,,,
Andrew Morris,MIN,SP,18.5,15,1,0,4.18,1.31,9,19,5,2,16,1,1,0,0,0,,0,19,-4.022378574,#N/A,#N/A,,,,,
Steven Wilson,TB,RP,44.7,44,2,0,4.67,1.34,23,40,20,7,45,0,2,0,0,0,,0,20,-4.022378574,#N/A,#N/A,,,,,
Reiver Sanmartin,SF,RP,24.8,18,1,0,4.11,1.37,11,26,8,3,24,0,1,0,0,0,,0,22,-4.022378574,#N/A,#N/A,,,,,
Grant Wolfram,BAL,RP,41.8,40,2,0,4.16,1.38,19,40,18,5,40,0,2,0,0,0,,0,20,-4.022378574,#N/A,#N/A,,,,,
Ryan Johnson,LAA,RP,33.2,31,2,0,4.27,1.34,16,34,11,5,20,3,2,0,0,0,,0,22,-4.022378574,#N/A,#N/A,,,,,
Trent Thornton,CHC,RP,24.7,21,1,0,4.27,1.29,12,24,8,4,24,0,1,0,0,0,,0,21,-4.022378574,#N/A,#N/A,,,,,
Carlos Rodriguez,MIL,RP,32.3,30,1,0,4.37,1.32,16,30,13,5,24,2,2,0,0,0,,0,21,-4.022378574,#N/A,#N/A,,,,,
Kyle Hart,SD,"SP,RP",36.8,32,2,0,4.4,1.33,18,36,14,5,30,1,2,0,0,0,,0,22,-4.022378574,,626,,,,,
Yerry De los Santos,NYY,RP,38.5,31,2,0,4.11,1.36,18,37,15,4,36,0,2,0,0,0,,0,20,-4.022378574,#N/A,#N/A,,,,,
Michael Tonkin,,RP,34.1,32,2,0,4.46,1.32,17,33,12,5,32,0,2,0,0,0,,0,0,-4.022378574,#N/A,#N/A,,,,,
Michael Fulmer,SF,RP,14,14,1,0,4.15,1.31,6,13,6,2,14,0,1,0,0,0,,0,23,-4.022378574,#N/A,#N/A,,,,,
Kyle Backhus,PHI,RP,45.6,44,2,0,4.32,1.35,22,43,19,6,48,0,3,0,0,0,,0,15,-4.022378574,#N/A,#N/A,,,,,
Kyle Nicolas,CIN,RP,41.3,42,2,0,4.3,1.41,20,38,20,5,38,0,2,0,0,0,,0,21,-4.022378574,#N/A,#N/A,,,,,
Tim Mayza,PHI,RP,26.8,22,1,0,4.13,1.36,12,27,9,3,28,0,1,0,0,0,,0,16,-4.022378574,#N/A,#N/A,,,,,
Brendan Beck,NYY,SP,17.8,15,3,0,4.21,1.34,8,19,5,3,18,0,3,0,0,0,,0,21,-4.022378574,#N/A,#N/A,,,,,
Kendry Rojas,MIN,SP,34.9,31,2,0,4.32,1.39,17,35,14,4,27,2,2,0,0,0,,0,20,-4.022378574,#N/A,#N/A,,,,,
George Soriano,STL,RP,43.5,41,2,0,4.44,1.36,22,41,18,6,39,0,2,0,0,0,,0,21,-4.022378574,#N/A,#N/A,,,,,
Roddery Munoz,HOU,RP,50.6,51,2,0,4.65,1.4,26,47,24,8,44,0,3,0,0,0,,0,24,-4.022378574,#N/A,#N/A,,,,,
Dylan Ross,NYM,RP,31.2,34,1,0,4.02,1.36,14,26,16,3,31,0,1,0,0,0,,0,23,-4.022378574,#N/A,#N/A,,,,,
Peyton Pallette,CLE,RP,45,44,2,0,4.47,1.36,22,42,19,6,43,0,2,0,0,0,,0,19,-4.022378574,#N/A,#N/A,,,,,
Danny Young,ATL,RP,16,17,1,0,3.84,1.34,7,14,7,2,17,0,1,0,0,0,,0,24,-4.022378574,#N/A,#N/A,,,,,
Chad Green,,RP,43.2,37,2,0,4.61,1.32,22,43,14,7,43,0,2,0,0,0,,0,0,-4.022378574,139,501,,,,,
Zach McCambley,PHI,"SP,RP",43.1,42,2,0,4.41,1.38,21,40,19,6,42,0,2,0,0,0,,0,17,-4.022378574,#N/A,#N/A,,,,,
Paxton Schultz,WSH,RP,42.2,39,2,0,4.41,1.36,21,41,17,6,37,0,2,0,0,0,,0,25,-4.022378574,#N/A,#N/A,,,,,
Hunter Stratton,ATL,RP,19.8,18,1,0,4.18,1.32,9,19,7,2,19,0,1,0,0,0,,0,25,-4.022378574,#N/A,#N/A,,,,,
Jesse Scholtens,TB,"SP,RP",33.1,29,1,0,4.41,1.32,16,33,11,5,28,0,2,0,0,0,,0,21,-4.022378574,#N/A,#N/A,,,,,
Carson Seymour,SF,"SP,RP",25.9,22,1,0,4.22,1.38,12,26,10,3,18,1,1,0,0,0,,0,24,-4.022378574,#N/A,#N/A,,,,,
Robinson Ortiz,SEA,"SP,RP",30.5,29,2,0,4.19,1.41,14,27,16,3,30,0,2,0,0,0,,0,20,-4.022378574,#N/A,#N/A,,,,,
Daysbel Hernandez,ATL,RP,32.8,35,2,0,4.34,1.43,16,28,19,4,33,0,2,0,0,0,,0,26,-4.022378574,#N/A,#N/A,,,,,
Kervin Castro,NYY,RP,28.8,27,2,0,4.28,1.35,14,26,13,3,28,0,2,0,0,0,,0,22,-4.022378574,#N/A,#N/A,,,,,
Evan Reifert,TB,RP,11.1,12,1,0,4.08,1.38,5,10,6,1,11,0,1,0,0,0,,0,22,-4.022378574,#N/A,#N/A,,,,,
Jorge Lopez,,RP,27.8,23,1,0,4.46,1.36,14,28,10,3,28,0,2,0,0,0,,0,0,-4.022378574,174,476,,,,,
Peyton Gray,TEX,RP,28.9,28,2,0,4.19,1.31,13,27,11,4,28,0,2,0,0,0,,0,25,-4.022378574,#N/A,#N/A,,,,,
Troy Taylor,SEA,RP,25.1,23,1,0,4.42,1.41,12,23,12,3,26,0,1,0,0,0,,0,21,-4.022378574,#N/A,#N/A,,,,,
Brandon Young,BAL,SP,25.4,22,1,0,4.41,1.32,12,26,8,4,19,2,2,0,0,0,,0,21,-4.022378574,#N/A,#N/A,,,,,
Bryan Hoeing,SD,RP,14.5,12,1,0,4.2,1.33,7,14,5,2,12,0,1,0,0,0,,0,23,-4.022378574,#N/A,#N/A,,,,,
Eduarniel Nunez,ATH,RP,42.6,43,2,0,4.45,1.48,21,38,25,5,41,0,2,0,0,0,,0,19,-4.022378574,#N/A,#N/A,,,,,
Jhony Brito,SD,RP,19.9,16,1,0,4.23,1.32,9,20,7,2,18,0,1,0,0,0,,0,24,-4.022378574,#N/A,#N/A,,,,,
Daison Acosta,SD,RP,22.5,25,1,0,4.08,1.37,10,19,12,2,22,0,1,0,0,0,,0,25,-4.022378574,#N/A,#N/A,,,,,
Beau Brieske,DET,RP,45,39,2,0,4.57,1.38,23,43,20,6,43,0,2,0,0,0,,0,18,-4.022378574,257,401,,,,,
Sean Guenther,DET,RP,15.8,12,1,0,3.83,1.29,7,15,5,2,15,0,1,0,0,0,,0,19,-4.022378574,#N/A,#N/A,,,,,
Tyler Gilbert,CWS,"SP,RP",35.6,32,2,0,4.43,1.36,18,34,14,5,34,0,2,0,0,0,,0,20,-4.022378574,#N/A,#N/A,,,,,
Franco Aleman,CLE,RP,20.4,23,1,0,4.09,1.37,9,18,10,3,20,0,1,0,0,0,,0,20,-4.022378574,#N/A,#N/A,,,,,
John King,MIA,RP,48.1,31,2,0,4.15,1.39,22,53,14,5,47,0,2,0,0,0,,0,19,-4.022378574,#N/A,#N/A,,,,,
J.P. France,HOU,"SP,RP",22.3,19,1,0,4.76,1.43,12,21,11,3,14,2,1,0,0,0,,0,25,-4.022378574,#N/A,#N/A,,,,,
Sammy Peralta,MIL,RP,15.8,14,1,0,4.33,1.32,8,15,5,2,13,0,1,0,0,0,,0,22,-4.022378574,#N/A,#N/A,,,,,
John Klein,MIN,"SP,RP",42.7,37,2,0,4.61,1.36,22,43,16,6,33,2,3,0,0,0,,0,21,-4.022378574,#N/A,#N/A,,,,,
Albert Suarez,BAL,"SP,RP",24,20,1,0,4.63,1.36,12,25,8,3,20,0,1,0,0,0,,0,22,-4.022378574,#N/A,#N/A,,,,,
Lazaro Estrada,TOR,"SP,RP",21.1,19,1,0,4.46,1.29,10,21,7,3,18,0,1,0,0,0,,0,21,-4.022378574,#N/A,#N/A,,,,,
Jedixson Paez,CWS,SP,39.5,30,2,0,4.41,1.32,19,41,12,6,36,0,2,0,0,0,,0,21,-4.022378574,#N/A,#N/A,,,,,
Riley Martin,CHC,RP,18,18,1,0,4.04,1.42,8,16,10,2,18,0,1,0,0,0,,0,22,-4.022378574,#N/A,#N/A,,,,,
Max Lazar,PHI,RP,38.3,31,2,0,4.43,1.32,19,38,12,5,36,0,2,0,0,0,,0,18,-4.022378574,#N/A,#N/A,,,,,
Ryan Borucki,CWS,RP,37.6,36,2,0,3.99,1.33,17,34,16,5,38,0,2,0,0,0,,0,22,-4.022378574,#N/A,#N/A,,,,,
Zach Pop,PHI,RP,26.5,21,1,0,4.51,1.4,13,27,10,4,27,0,1,0,0,0,,0,19,-4.022378574,#N/A,#N/A,,,,,
Jose Castillo,,RP,20.5,21,2,0,3.73,1.29,9,19,8,2,19,0,1,0,0,0,,0,0,-4.022378574,#N/A,#N/A,,,,,
Jhancarlos Lara,ATL,"SP,RP",13,15,1,0,4.32,1.48,6,12,8,1,13,0,1,0,0,0,,0,27,-4.022378574,#N/A,#N/A,,,,,
RJ Petit,COL,RP,20.2,18,1,0,4.48,1.42,10,21,8,3,21,0,2,0,0,0,,0,17,-4.022378574,#N/A,#N/A,,,,,
Brycen Mautz,STL,SP,17.3,15,1,0,4.28,1.32,8,17,6,2,15,1,1,0,0,0,,0,22,-4.022378574,#N/A,#N/A,,,,,
Ty Adcock,SD,RP,26.1,24,1,0,4.47,1.34,13,25,10,4,25,0,1,0,0,0,,0,26,-4.022378574,#N/A,#N/A,,,,,
Angel Bastardo,TOR,SP,20.4,19,1,0,4.34,1.38,10,19,9,3,17,1,1,0,0,0,,0,22,-4.022378574,#N/A,#N/A,,,,,
Domingo Gonzalez,SEA,RP,18.3,17,1,0,4.31,1.36,9,17,8,2,18,0,1,0,0,0,,0,22,-4.022378574,#N/A,#N/A,,,,,
Bailey Horn,DET,RP,30.6,28,2,0,4.38,1.43,15,29,15,4,30,0,2,0,0,0,,0,20,-4.022378574,#N/A,#N/A,,,,,
Pedro Avila,,RP,35.9,33,2,0,4.49,1.41,18,35,15,4,26,1,2,0,0,0,,0,0,-4.022378574,#N/A,#N/A,,,,,
Trevor Stephan,CLE,RP,16.4,15,1,0,4.31,1.33,8,16,6,2,16,0,1,0,0,0,,0,21,-4.022378574,#N/A,#N/A,,,,,
James Karinchak,ATL,RP,22,25,1,0,4.47,1.4,11,19,12,3,22,0,1,0,0,0,,0,28,-4.022378574,#N/A,#N/A,,,,,
Michel Otanez,TEX,RP,18.4,22,1,0,4.26,1.45,9,15,12,2,19,0,1,0,0,0,,0,26,-4.022378574,,684,,,,,
Angel Perdomo,LAA,RP,11.2,13,1,0,4.44,1.38,6,9,6,1,11,0,1,0,0,0,,0,23,-4.022378574,#N/A,#N/A,,,,,
Grant Holman,ARI,RP,18.4,16,1,0,4.36,1.38,9,18,7,2,19,0,1,0,0,0,,0,25,-4.022378574,#N/A,#N/A,,,,,
Luis Curvelo,TEX,RP,29.1,27,2,0,4.46,1.35,14,27,12,4,28,0,1,0,0,0,,0,27,-4.022378574,#N/A,#N/A,,,,,
Shane Murphy,CWS,RP,19.2,13,1,0,4.57,1.32,10,20,5,3,18,0,1,0,0,0,,0,23,-4.022378574,#N/A,#N/A,,,,,
Chase Shugart,PHI,RP,37.6,31,2,0,4.58,1.38,19,37,15,5,35,0,2,0,0,0,,0,20,-4.022378574,#N/A,#N/A,,,,,
Scott Alexander,,RP,30.5,22,2,0,4.28,1.41,14,32,11,3,32,0,2,0,0,0,,0,0,-4.022378574,#N/A,#N/A,,,,,
Osvaldo Bido,NYY,"SP,RP",20.8,19,1,0,4.66,1.39,11,20,9,3,15,0,1,0,0,0,,0,23,-4.022378574,230,461,,,,,
Alex Carrillo,NYM,RP,22.4,25,1,0,4.34,1.37,11,19,11,3,21,0,2,0,0,0,,0,24,-4.022378574,#N/A,#N/A,,,,,
Paul Gervase,LAD,RP,26.5,28,2,0,4.56,1.39,13,24,13,4,26,0,2,0,0,0,,0,24,-4.022378574,#N/A,#N/A,,,,,
Wikelman Gonzalez,CWS,"SP,RP",43.4,42,2,0,4.68,1.5,23,39,26,5,39,0,3,0,0,0,,0,24,-4.022378574,#N/A,#N/A,,,,,
David Sandlin,CWS,"SP,RP",17.9,15,1,0,4.46,1.32,9,18,6,3,18,0,1,0,0,0,,0,25,-4.022378574,#N/A,#N/A,,,,,
Keegan Thompson,COL,RP,46.7,46,2,0,4.76,1.43,25,46,20,7,42,0,3,0,0,0,,0,18,-4.022378574,#N/A,#N/A,,,,,
Joey Gerber,NYM,"SP,RP",16.1,16,1,0,4.54,1.32,8,15,6,2,14,0,1,0,0,0,,0,25,-4.022378574,#N/A,#N/A,,,,,
Mitch Spence,KC,"SP,RP",26,21,1,0,4.56,1.36,13,28,8,4,21,1,1,0,0,0,,0,21,-4.022378574,262,436,,,,,
AJ Smith-Shawver,ATL,SP,9.9,10,0,0,4.08,1.3,4,9,4,1,7,1,0,0,0,0,,0,29,-4.022378574,231,468,,,,,
Chris Roycroft,STL,RP,40.4,32,2,0,4.4,1.46,20,40,19,4,38,0,2,0,0,0,,0,23,-4.022378574,#N/A,#N/A,,,,,
Mason Barnett,ATH,SP,28,24,1,0,4.81,1.43,15,28,12,4,17,3,1,0,0,0,,0,20,-4.022378574,#N/A,#N/A,,,,,
Tyler Samaniego,BOS,RP,26.8,22,2,0,4.39,1.42,13,27,11,3,26,0,2,0,0,0,,0,21,-4.022378574,#N/A,#N/A,,,,,
Derek Law,ARI,RP,21.4,18,1,0,4.26,1.36,10,21,8,2,21,0,1,0,0,0,,0,26,-4.022378574,225,478,,,,,
Colin Poche,,RP,18.3,17,1,0,4.72,1.41,10,17,9,3,20,0,1,0,0,0,,0,0,-4.022378574,#N/A,#N/A,,,,,
Cameron Foster,BAL,RP,26.7,23,2,0,4.57,1.39,14,27,11,4,26,0,2,0,0,0,,0,23,-4.022378574,#N/A,#N/A,,,,,
Alek Jacob,SD,RP,33.5,30,1,0,4.81,1.42,18,33,15,5,31,0,2,0,0,0,,0,27,-4.022378574,#N/A,#N/A,,,,,
Cody Laweryson,MIN,RP,22.2,19,1,0,4.22,1.34,10,22,8,2,20,0,1,0,0,0,,0,22,-4.022378574,#N/A,#N/A,,,,,
Josh Walker,BAL,RP,28.6,31,2,0,4.88,1.47,16,27,16,5,26,0,2,0,0,0,,0,24,-4.022378574,#N/A,#N/A,,,,,
Cade Winquest,NYY,SP,30.4,24,1,0,4.81,1.4,16,31,12,4,28,0,2,0,0,0,,0,24,-4.022378574,#N/A,#N/A,,,,,
Nick Burdi,NYM,RP,13.4,16,1,0,3.65,1.32,5,10,7,1,14,0,0,0,0,0,,0,26,-4.022378574,#N/A,#N/A,,,,,
Kolby Allard,CLE,"SP,RP",20.9,16,1,0,4.56,1.38,11,22,7,3,19,0,1,0,0,0,,0,22,-4.022378574,#N/A,#N/A,,,,,
Joe Rock,TB,"SP,RP",19,15,1,0,4.4,1.36,9,20,6,3,11,2,1,0,0,0,,0,23,-4.022378574,#N/A,#N/A,,,,,
Tyson Neighbors,BAL,RP,17.3,17,1,0,4.23,1.33,8,15,8,2,17,0,1,0,0,0,,0,25,-4.022378574,#N/A,#N/A,,,,,
Spencer Miles,TOR,SP,14.6,14,1,0,4.14,1.35,7,14,6,2,14,0,1,0,0,0,,0,23,-4.022378574,#N/A,#N/A,,,,,
Alan Rangel,PHI,"SP,RP",22.9,19,1,0,4.79,1.35,12,23,8,4,13,2,1,0,0,0,,0,21,-4.022378574,#N/A,#N/A,,,,,
Tate Kuehner,MIL,SP,11.4,10,1,0,4.35,1.41,5,10,6,1,11,0,1,0,0,0,,0,23,-4.022378574,#N/A,#N/A,,,,,
Mason Black,KC,"SP,RP",52.3,43,3,0,4.91,1.45,29,53,22,8,32,3,3,0,0,0,,0,22,-4.022378574,#N/A,#N/A,,,,,
Taylor Rashi,ARI,RP,20.5,20,1,0,4.45,1.49,10,19,11,2,12,0,1,0,0,0,,0,27,-4.022378574,#N/A,#N/A,,,,,
Konnor Pilkington,DET,RP,18.2,19,1,0,4.38,1.46,9,16,11,2,19,0,1,0,0,0,,0,21,-4.022378574,#N/A,#N/A,,,,,
Drew Smith,WSH,RP,27.2,27,1,0,4.48,1.34,14,25,12,4,28,0,1,0,0,0,,0,26,-4.022378574,#N/A,#N/A,,,,,
Duncan Davitt,CWS,SP,19.8,15,1,0,4.59,1.34,10,21,6,3,18,0,1,0,0,0,,0,26,-4.022378574,#N/A,#N/A,,,,,
Jonathan Pintaro,NYM,"SP,RP",25,24,1,0,4.07,1.36,11,23,11,3,21,2,1,0,0,0,,0,27,-4.022378574,#N/A,#N/A,,,,,
Ryan Harbin,PIT,RP,24.4,23,1,0,4.6,1.54,12,23,14,3,24,0,1,0,0,0,,0,19,-4.022378574,#N/A,#N/A,,,,,
Kaleb Ort,LAA,RP,33.8,35,2,0,4.7,1.41,18,30,17,5,33,0,2,0,0,0,,0,24,-4.022378574,#N/A,#N/A,,,,,
Ryan Burr,,"SP,RP",11,16,1,0,3.68,1.23,5,9,5,1,12,0,1,0,0,0,,0,0,-4.022378574,#N/A,#N/A,,,,,
Kevin Herget,NYM,RP,9.4,8,1,0,4.14,1.22,4,9,3,1,6,0,0,0,0,0,,0,28,-4.022378574,#N/A,#N/A,,,,,
Rafael Montero,NYY,RP,30.3,29,1,0,4.49,1.4,15,27,15,4,31,0,2,0,0,0,,0,25,-4.022378574,#N/A,#N/A,,,,,
Carlos Hernandez,CLE,RP,20.6,21,1,0,4.36,1.36,10,19,9,3,20,0,1,0,0,0,,0,23,-4.022378574,#N/A,#N/A,,,,,
Miguel Castro,LAA,RP,12.2,10,1,0,4.65,1.38,6,11,6,2,13,0,0,0,0,0,,0,25,-4.022378574,#N/A,#N/A,,,,,
Codi Heuer,CLE,RP,13.4,14,1,0,3.83,1.29,6,12,5,2,11,0,0,0,0,0,,0,24,-4.022378574,#N/A,#N/A,,,,,
Michael Grove,,RP,16.4,18,1,0,3.85,1.22,7,15,5,2,12,1,1,0,0,0,,0,0,-4.022378574,#N/A,#N/A,,,,,
Jose Espada,BAL,RP,17,19,1,0,4.47,1.36,8,15,8,2,15,0,1,0,0,0,,0,26,-4.022378574,#N/A,#N/A,,,,,
John Rooney,TB,RP,17.5,21,1,0,3.85,1.37,8,14,11,2,13,0,1,0,0,0,,0,24,-4.022378574,#N/A,#N/A,,,,,
Austin Peterson,CLE,SP,30.3,22,1,0,4.66,1.31,16,32,8,5,16,3,2,0,0,0,,0,25,-4.022378574,#N/A,#N/A,,,,,
Josh Winckowski,TOR,RP,18.1,16,1,0,3.73,1.27,8,18,6,2,12,1,1,0,0,0,,0,24,-4.022378574,#N/A,#N/A,,,,,
Ty Madden,DET,RP,21.2,19,1,0,4.59,1.38,11,21,9,3,13,2,1,0,0,0,,0,22,-4.022378574,#N/A,#N/A,,,,,
Francis Pena,SD,RP,9,7,1,0,4.44,1.46,4,9,4,1,9,0,1,0,0,0,,0,28,-4.022378574,#N/A,#N/A,,,,,
Michael Petersen,MIA,RP,27.8,27,1,0,4.47,1.35,14,27,11,4,27,0,1,0,0,0,,0,20,-4.022378574,#N/A,#N/A,,,,,
Tayler Saucedo,LAA,RP,24,22,1,0,4.32,1.43,12,23,11,3,25,0,1,0,0,0,,0,26,-4.022378574,#N/A,#N/A,,,,,
Sauryn Lao,,RP,7.2,6,0,0,3.94,1.29,3,7,3,1,5,0,0,0,0,0,,0,0,-4.022378574,#N/A,#N/A,,,,,
Ronan Kopp,LAD,"SP,RP",16.4,18,1,0,4.3,1.47,8,14,10,2,16,0,1,0,0,0,,0,25,-4.022378574,#N/A,#N/A,,,,,
Angel Chivilli,NYY,RP,28.1,25,1,0,4.55,1.36,14,28,10,4,26,0,1,0,0,0,,0,26,-4.022378574,#N/A,#N/A,,,,,
A.J. Causey,ATH,RP,12.1,10,1,0,4.41,1.38,6,12,5,2,12,0,1,0,0,0,,0,21,-4.022378574,#N/A,#N/A,,,,,
Shawn Dubin,ARI,RP,16.9,16,1,0,4.18,1.39,8,16,7,2,14,0,1,0,0,0,,0,28,-4.022378574,#N/A,#N/A,,,,,
Drew Sommers,DET,RP,20.5,18,1,0,3.92,1.36,9,20,8,2,21,0,1,0,0,0,,0,23,-4.022378574,#N/A,#N/A,,,,,
Roansy Contreras,,"SP,RP",32.9,24,2,0,4.92,1.46,18,35,14,6,22,1,2,0,0,0,,0,0,-4.022378574,#N/A,#N/A,,,,,
Henry Baez,ATH,SP,13.2,10,1,0,4.33,1.4,6,13,5,1,11,0,0,0,0,0,,0,22,-4.022378574,#N/A,#N/A,,,,,
Jose Franco,CIN,"SP,RP",15.7,15,1,0,4.84,1.41,8,15,7,2,15,0,1,0,0,0,,0,22,-4.022378574,#N/A,#N/A,,,,,
Lou Trivino,PHI,RP,20.9,18,1,0,4.59,1.4,11,20,9,3,21,0,1,0,0,0,,0,22,-4.022378574,#N/A,#N/A,,,,,
Jake Bennett,BOS,SP,19.9,15,1,0,4.58,1.38,10,21,7,2,18,0,1,0,0,0,,0,22,-4.022378574,#N/A,#N/A,,,,,
Zak Kent,MIN,RP,25.6,25,1,0,4.25,1.39,12,24,12,3,23,0,1,0,0,0,,0,23,-4.022378574,#N/A,#N/A,,,,,
Jorge Alcala,TOR,RP,23.3,24,1,0,4.8,1.35,12,22,10,4,22,0,1,0,0,0,,0,25,-4.022378574,#N/A,#N/A,,,,,
Adam Macko,TOR,"SP,RP",14.8,13,1,0,4.52,1.39,7,14,6,2,12,1,1,0,0,0,,0,26,-4.022378574,#N/A,#N/A,,,,,
Dugan Darnell,DET,RP,9.2,10,1,0,4.42,1.42,5,8,5,1,8,0,1,0,0,0,,0,24,-4.022378574,#N/A,#N/A,,,,,
Jackson Wolf,SD,SP,6.6,6,0,0,4.32,1.32,3,6,2,1,5,0,0,0,0,0,,0,29,-4.022378574,#N/A,#N/A,,,,,
Marc Church,TEX,RP,24.7,23,1,0,5,1.59,14,24,16,3,24,0,2,0,0,0,,0,28,-4.022378574,#N/A,#N/A,,,,,
Collin Snider,CHC,RP,11.9,10,1,0,4.54,1.36,6,12,4,2,12,0,1,0,0,0,,0,23,-4.022378574,#N/A,#N/A,,,,,
Chen Zhong-Ao Zhuang,ATH,SP,7.8,6,0,0,4.63,1.25,4,8,2,1,8,0,0,0,0,0,,0,23,-4.022378574,#N/A,#N/A,,,,,
Wilber Dotel,PIT,SP,13.4,11,1,0,4.66,1.4,7,13,5,2,12,0,1,0,0,0,,0,20,-4.022378574,#N/A,#N/A,,,,,
Dax Fulton,MIA,SP,22.2,19,1,0,4.45,1.47,11,22,11,2,17,1,1,0,0,0,,0,21,-4.022378574,#N/A,#N/A,,,,,
Jayden Murray,HOU,RP,30.5,26,1,0,4.49,1.39,15,29,13,4,29,0,1,0,0,0,,0,26,-4.022378574,#N/A,#N/A,,,,,
Packy Naughton,STL,"SP,RP",14,13,1,0,4.27,1.37,7,14,5,2,14,0,1,0,0,0,,0,24,-4.022378574,#N/A,#N/A,,,,,
Eli Morgan,KC,RP,28.1,24,1,0,4.67,1.36,15,28,10,4,26,0,1,0,0,0,,0,23,-4.022378574,#N/A,#N/A,,,,,
Bryce Montes de Oca,WSH,RP,6,7,0,0,4.27,1.45,3,5,3,1,6,0,0,0,0,0,,0,27,-4.022378574,#N/A,#N/A,,,,,
Garrett Acton,MIA,RP,19.8,19,1,0,4.55,1.36,10,18,9,3,20,0,1,0,0,0,,0,22,-4.022378574,#N/A,#N/A,,,,,
K.C. Hunt,MIL,SP,6.2,5,0,0,4.3,1.31,3,6,2,1,6,0,0,0,0,0,,0,24,-4.022378574,#N/A,#N/A,,,,,
Daniel Robert,PHI,RP,8,9,0,0,4.25,1.3,4,7,3,1,9,0,0,0,0,0,,0,23,-4.022378574,#N/A,#N/A,,,,,
Welinton Herrera,COL,RP,24.7,24,1,0,4.44,1.43,12,24,11,3,24,0,2,0,0,0,,0,19,-4.022378574,#N/A,#N/A,,,,,
Nolan Hoffman,PHI,"SP,RP",15.7,15,1,0,4.46,1.43,8,15,7,2,16,0,1,0,0,0,,0,24,-4.022378574,#N/A,#N/A,,,,,
Yilber Diaz,ARI,RP,23.5,23,1,1,4.68,1.5,12,22,13,3,21,0,1,0,0,0,,0,29,-4.022378574,,770,,,,,
Joe Ross,ARI,RP,17.2,14,1,0,4.5,1.4,9,18,7,2,15,1,1,0,0,0,,0,30,-4.022378574,#N/A,#N/A,,,,,
Tyler Mattison,DET,RP,13,12,1,0,4.74,1.56,7,12,8,2,13,0,1,0,0,0,,0,25,-4.022378574,#N/A,#N/A,,,,,
Prelander Berroa,CWS,RP,28.7,30,1,0,4.6,1.5,15,26,17,4,28,0,2,0,0,0,,0,27,-4.022378574,,773,,,,,
Tom Cosgrove,HOU,RP,13.8,13,1,0,4.69,1.42,7,13,7,2,14,0,1,0,0,0,,0,27,-4.022378574,#N/A,#N/A,,,,,
Sam Benschoter,CIN,RP,14.6,11,1,0,4.7,1.41,8,15,5,2,13,0,1,0,0,0,,0,23,-4.022378574,#N/A,#N/A,,,,,
Easton Lucas,,"SP,RP",21.4,20,1,0,4.2,1.4,10,20,10,3,12,1,1,0,0,0,,0,0,-4.022378574,#N/A,#N/A,,,,,
Joey Estes,ATH,SP,30.8,23,1,0,4.89,1.3,17,32,8,6,25,1,2,0,0,0,,0,24,-4.022378574,,777,,,,,
Corbin Martin,CHC,RP,9.8,9,1,0,4.6,1.45,5,9,5,1,10,0,1,0,0,0,,0,24,-4.022378574,#N/A,#N/A,,,,,
Kyle Wright,CHC,SP,28.9,25,2,0,4.67,1.42,15,29,12,4,11,3,2,0,0,0,,0,25,-4.022378574,272,507,,,,,
Cole Wilcox,SEA,RP,21.9,17,1,0,4.37,1.36,11,22,8,3,21,0,1,0,0,0,,0,23,-4.022378574,#N/A,#N/A,,,,,
Tucker Davidson,PHI,RP,7.3,6,0,0,4.45,1.38,4,7,3,1,7,0,0,0,0,0,,0,25,-4.022378574,#N/A,#N/A,,,,,
Joe La Sorsa,PIT,RP,16.7,12,1,0,4.4,1.41,8,17,6,2,15,0,1,0,0,0,,0,21,-4.022378574,#N/A,#N/A,,,,,
Christian Roa,HOU,RP,20,19,1,0,4.51,1.41,10,18,10,3,19,0,1,0,0,0,,0,28,-4.022378574,#N/A,#N/A,,,,,
Eric Cerantola,KC,RP,14.4,15,1,0,4.47,1.47,7,13,8,2,14,0,1,0,0,0,,0,24,-4.022378574,#N/A,#N/A,,,,,
Lyon Richardson,CIN,RP,28.5,24,1,0,4.64,1.5,15,28,15,3,25,0,1,0,0,0,,0,24,-4.022378574,#N/A,#N/A,,,,,
Dale Stanavich,MIA,RP,6.7,6,0,0,4.63,1.58,3,7,4,1,7,0,0,0,0,0,,0,23,-4.022378574,#N/A,#N/A,,,,,
Robert Stock,NYM,"SP,RP",19,21,1,0,4.27,1.45,9,17,11,3,13,1,1,0,0,0,,0,29,-4.022378574,#N/A,#N/A,,,,,
Dom Hamel,NYY,"SP,RP",20.3,19,1,0,4.69,1.4,11,20,9,3,20,0,1,0,0,0,,0,27,-4.022378574,#N/A,#N/A,,,,,
Andrew Sears,DET,SP,6,5,0,0,4.36,1.37,3,6,2,1,6,0,0,0,0,0,,0,26,-4.022378574,#N/A,#N/A,,,,,
Cionel Perez,WSH,RP,54.2,46,2,1,4.37,1.49,26,52,28,5,54,0,2,0,0,0,,0,28,-4.022378574,#N/A,#N/A,,,,,
Chris Devenski,PIT,RP,19.1,16,1,0,4.5,1.33,10,19,6,3,18,0,1,0,0,0,,0,22,-4.022378574,#N/A,#N/A,,,,,
Randy Dobnak,SEA,RP,11.8,9,1,0,4.47,1.42,6,12,5,1,9,0,1,0,0,0,,0,24,-4.022378574,#N/A,#N/A,,,,,
Orlando Ribalta,WSH,RP,42,39,2,0,4.81,1.48,22,41,21,6,41,0,2,0,0,0,,0,29,-4.022378574,#N/A,#N/A,,,,,
Gavin Hollowell,CHC,RP,23.5,24,1,0,4.43,1.4,12,21,12,3,22,0,1,0,0,0,,0,26,-4.022378574,#N/A,#N/A,,,,,
Juan Burgos,ARI,RP,25.7,21,1,0,4.44,1.43,13,25,11,3,26,0,1,0,0,0,,0,31,-4.022378574,#N/A,#N/A,,,,,
Ryder Ryan,LAD,RP,9.3,7,0,0,4.71,1.44,5,10,4,1,9,0,1,0,0,0,,0,26,-4.022378574,#N/A,#N/A,,,,,
Seth Martinez,BOS,RP,14.9,13,1,0,4.56,1.37,8,15,6,2,15,0,1,0,0,0,,0,23,-4.022378574,#N/A,#N/A,,,,,
Scott Effross,DET,RP,15.8,11,1,0,4.43,1.4,8,17,5,1,16,0,1,0,0,0,,0,27,-4.022378574,#N/A,#N/A,,,,,
Alex Hoppe,SEA,RP,18.1,17,1,0,4.3,1.45,9,17,9,2,18,0,1,0,0,0,,0,25,-4.022378574,#N/A,#N/A,,,,,
Guillo Zuniga,SEA,RP,7.3,6,0,0,4.47,1.39,4,7,3,1,7,0,0,0,0,0,,0,26,-4.022378574,#N/A,#N/A,,,,,
Jake Bloss,TOR,SP,11,9,0,0,4.58,1.39,6,11,4,2,9,0,0,0,0,0,,0,27,-4.022378574,,801,,,,,
Austin Love,STL,SP,22.9,20,1,0,4.64,1.43,12,23,10,3,23,0,1,0,0,0,,0,25,-4.022378574,#N/A,#N/A,,,,,
Kyle Keller,BOS,RP,21.8,21,1,0,4.96,1.45,12,21,11,3,21,0,1,0,0,0,,0,24,-4.022378574,#N/A,#N/A,,,,,
Nabil Crismatt,TEX,"SP,RP",21.5,17,1,0,5.24,1.47,13,24,8,5,11,1,1,0,0,0,,0,29,-4.022378574,#N/A,#N/A,,,,,
Julian Aguiar,CIN,SP,32.2,24,1,0,4.85,1.36,17,34,10,5,24,2,2,0,0,0,,0,25,-4.022378574,#N/A,#N/A,,,,,
Carson Fulmer,PIT,"SP,RP",18.8,16,1,0,4.32,1.47,9,19,9,2,10,1,1,0,0,0,,0,23,-4.022378574,#N/A,#N/A,,,,,
Dylan Coleman,NYY,RP,9,9,0,0,4.89,1.7,5,8,8,1,10,0,0,0,0,0,,0,28,-4.022378574,#N/A,#N/A,,,,,
Landon Knack,LAD,SP,20.9,19,1,0,4.99,1.4,12,21,9,4,12,2,1,0,0,0,,0,27,-4.022378574,243,565,,,,,
Josh Fleming,TOR,"SP,RP",18.5,10,1,0,4.62,1.44,10,20,7,2,11,0,1,0,0,0,,0,28,-4.022378574,#N/A,#N/A,,,,,
Alex Faedo,,"SP,RP",14.3,15,1,0,4.1,1.3,7,13,6,2,8,1,1,0,0,0,,0,0,-4.022378574,#N/A,#N/A,,,,,
Scott Blewett,STL,RP,22.7,17,1,0,4.82,1.43,12,24,9,3,20,0,1,0,0,0,,0,26,-4.022378574,#N/A,#N/A,,,,,
Ixan Henderson,STL,SP,14,12,1,0,3.85,1.35,6,12,7,1,12,1,1,0,0,0,,0,27,-4.022378574,#N/A,#N/A,,,,,
Blake Walston,ARI,RP,10,9,1,0,4.96,1.49,6,10,5,1,5,1,1,0,0,0,,0,32,-4.022378574,#N/A,#N/A,,,,,
Jake Eder,WSH,RP,17.7,14,1,0,4.78,1.43,9,18,7,3,15,0,1,0,0,0,,0,30,-4.022378574,#N/A,#N/A,,,,,
Marco Raya,MIN,"SP,RP",21.9,19,1,0,4.68,1.48,11,22,11,3,22,0,1,0,0,0,,0,24,-4.022378574,#N/A,#N/A,,,,,
Scott McGough,,RP,27.7,25,1,0,4.84,1.42,15,27,12,4,26,0,2,0,0,0,,0,0,-4.022378574,#N/A,#N/A,,,,,
Jeff Criswell,COL,RP,13.1,13,1,0,4.84,1.46,7,14,6,2,12,0,1,0,0,0,,0,20,-4.022378574,#N/A,#N/A,,,,,
Tayler Scott,ATL,RP,17.1,16,1,0,4.71,1.5,9,17,9,2,17,0,1,0,0,0,,0,30,-4.022378574,#N/A,#N/A,,,,,
Jayvien Sandridge,LAA,RP,22.1,25,1,0,4.64,1.53,11,20,14,3,23,0,1,0,0,0,,0,27,-4.022378574,#N/A,#N/A,,,,,
Josh Staumont,CIN,RP,11.3,11,1,0,4.75,1.46,6,10,6,1,11,0,1,0,0,0,,0,26,-4.022378574,#N/A,#N/A,,,,,
Ryan Loutos,SEA,RP,20.5,18,1,0,4.52,1.42,10,20,9,3,21,0,1,0,0,0,,0,27,-4.022378574,#N/A,#N/A,,,,,
Tyson Miller,CWS,RP,17.9,15,1,0,5.02,1.48,10,18,9,3,17,0,1,0,0,0,,0,28,-4.022378574,#N/A,#N/A,,,,,
Nick Anderson,ATH,RP,33.2,30,1,0,4.64,1.4,17,33,13,5,33,0,2,0,0,0,,0,25,-4.022378574,#N/A,#N/A,,,,,
Genesis Cabrera,PHI,RP,20.4,19,1,0,4.68,1.4,11,20,9,3,20,0,1,0,0,0,,0,26,-4.022378574,#N/A,#N/A,,,,,
Jack Neely,CHC,RP,18.1,19,1,0,4.6,1.46,9,16,10,2,18,0,1,0,0,0,,0,27,-4.022378574,#N/A,#N/A,,,,,
Josh Ekness,MIA,RP,16.7,15,1,0,4.5,1.43,8,16,8,2,16,0,1,0,0,0,,0,24,-4.022378574,#N/A,#N/A,,,,,
Doug Nikhazy,CLE,"SP,RP",31.7,28,2,0,4.77,1.47,17,31,15,5,23,2,2,0,0,0,,0,26,-4.022378574,#N/A,#N/A,,,,,
Bryce Jarvis,ARI,RP,20.2,15,1,0,5.37,1.63,12,22,11,3,13,0,1,0,0,0,,0,33,-4.022378574,#N/A,#N/A,,,,,
Caleb Boushley,,RP,24.9,19,1,0,4.52,1.41,13,27,9,4,15,1,2,0,0,0,,0,0,-4.022378574,#N/A,#N/A,,,,,
Logan Gillaspie,SD,RP,20.9,16,1,0,4.65,1.39,11,22,7,3,20,0,1,0,0,0,,0,30,-4.022378574,#N/A,#N/A,,,,,
Blas Castano,SEA,"SP,RP",12,9,0,0,4.53,1.38,6,12,4,2,10,0,1,0,0,0,,0,28,-4.022378574,#N/A,#N/A,,,,,
Enoli Paredes,BAL,RP,9.6,11,1,0,3.75,1.35,4,8,6,1,8,0,1,0,0,0,,0,27,-4.022378574,#N/A,#N/A,,,,,
Tanner Rainey,DET,RP,12.3,12,0,0,4.5,1.42,6,11,7,2,12,0,0,0,0,0,,0,28,-4.022378574,#N/A,#N/A,,,,,
T.J. McFarland,,RP,24.6,16,1,0,4.44,1.41,12,27,8,3,28,0,1,0,0,0,,0,0,-4.022378574,#N/A,#N/A,,,,,
Logan VanWey,HOU,RP,9.9,10,1,0,5.23,1.67,6,9,7,1,9,0,0,0,0,0,,0,29,-4.022378574,#N/A,#N/A,,,,,
Shinnosuke Ogasawara,WSH,"SP,RP",20.8,14,1,0,4.48,1.37,10,22,7,3,14,0,1,0,0,0,,0,31,-4.022378574,270,566,,,,,
Dillon Tate,,RP,14.5,13,1,0,4.03,1.34,7,13,7,1,13,0,1,0,0,0,,0,0,-4.022378574,#N/A,#N/A,,,,,
William Kempner,MIA,RP,22.5,22,1,0,4.71,1.48,12,21,12,3,22,0,2,0,0,0,,0,25,-4.022378574,#N/A,#N/A,,,,,
Bryan Sammons,DET,RP,18.6,17,1,0,4.6,1.42,10,18,9,4,4,1,1,0,0,0,,0,29,-4.022378574,#N/A,#N/A,,,,,
Rolddy Munoz,ATL,RP,17.1,16,1,0,4.46,1.48,8,17,9,2,16,0,1,0,0,0,,0,31,-4.022378574,#N/A,#N/A,,,,,
Jaden Woods,PIT,RP,19.3,16,1,0,4.72,1.49,10,19,10,2,19,0,1,0,0,0,,0,24,-4.022378574,#N/A,#N/A,,,,,
Michael Darrell-Hicks,PIT,RP,10,8,0,0,4.79,1.46,5,10,4,1,9,0,0,0,0,0,,0,25,-4.022378574,#N/A,#N/A,,,,,
Walbert Urena,LAA,SP,17.9,13,1,0,4.96,1.57,10,19,9,2,16,0,1,0,0,0,,0,28,-4.022378574,#N/A,#N/A,,,,,
Jackson Kowar,BAL,RP,22.7,21,1,0,4.81,1.46,12,22,11,3,22,0,1,0,0,0,,0,28,-4.022378574,#N/A,#N/A,,,,,
Cam Booser,TB,RP,18.4,21,1,0,4.51,1.42,9,17,9,3,19,0,1,0,0,0,,0,25,-4.022378574,#N/A,#N/A,,,,,
Vinny Nittoli,BOS,RP,16.6,16,1,0,5.1,1.43,9,17,7,3,13,0,1,0,0,0,,0,25,-4.022378574,#N/A,#N/A,,,,,
Cam Sanders,PIT,RP,37.8,37,2,0,4.66,1.52,20,35,23,5,36,0,2,0,0,0,,0,26,-4.022378574,#N/A,#N/A,,,,,
John Brebbia,COL,RP,41.4,40,2,0,5.01,1.41,23,44,15,7,41,0,2,0,0,0,,0,21,-4.022378574,#N/A,#N/A,,,,,
Hunter Strickland,LAA,RP,26.1,20,1,0,4.93,1.44,14,26,12,4,26,0,2,0,0,0,,0,29,-4.022378574,#N/A,#N/A,,,,,
Robinson Pina,,"SP,RP",10.5,9,1,0,4.27,1.28,5,11,3,2,8,1,1,0,0,0,,0,0,-4.022378574,#N/A,#N/A,,,,,
Matt Bowman,MIN,RP,16.4,13,1,0,4.75,1.38,9,17,6,2,14,0,1,0,0,0,,0,25,-4.022378574,#N/A,#N/A,,,,,
Ryan Rolison,CHC,RP,31.6,24,1,0,4.6,1.42,16,33,12,4,29,0,2,0,0,0,,0,28,-4.022378574,#N/A,#N/A,,,,,
Dan Altavilla,MIN,RP,24.5,20,1,0,4.69,1.48,13,24,12,3,24,0,1,0,0,0,,0,26,-4.022378574,#N/A,#N/A,,,,,
Bryse Wilson,PHI,"SP,RP",27.8,19,1,0,5.03,1.41,16,30,9,5,11,3,2,0,0,0,,0,27,-4.022378574,#N/A,#N/A,,,,,
Chayce McDermott,BAL,"SP,RP",17.9,18,1,0,4.66,1.48,9,17,10,2,15,1,1,0,0,0,,0,29,-4.022378574,,855,,,,,
Anthony Misiewicz,CIN,RP,10.1,9,1,0,4.91,1.34,6,10,4,2,10,0,1,0,0,0,,0,27,-4.022378574,#N/A,#N/A,,,,,
Joel Hurtado,LAA,SP,7.8,5,0,0,5.3,1.53,5,9,3,1,7,0,1,0,0,0,,0,30,-4.022378574,#N/A,#N/A,,,,,
Seth Johnson,PHI,"SP,RP",19.9,18,1,0,4.75,1.48,11,20,10,3,18,0,1,0,0,0,,0,28,-4.022378574,#N/A,#N/A,,,,,
Brian Van Belle,TB,"SP,RP",11.6,9,1,0,4.26,1.33,6,13,3,2,5,1,1,0,0,0,,0,26,-4.022378574,#N/A,#N/A,,,,,
John Curtiss,ARI,RP,19.6,15,1,0,5.05,1.4,11,21,7,4,18,0,1,0,0,0,,0,34,-4.022378574,#N/A,#N/A,,,,,
Zack Thompson,STL,RP,15.6,15,1,0,4.61,1.47,8,15,8,2,11,1,1,0,0,0,,0,28,-4.022378574,#N/A,#N/A,,,,,
Tejay Antone,CIN,"SP,RP",18.5,15,1,0,4.99,1.49,10,19,8,3,18,0,1,0,0,0,,0,28,-4.022378574,#N/A,#N/A,,,,,
Brandon Waddell,NYM,RP,15.4,13,1,0,4.79,1.45,8,16,7,2,6,0,1,0,0,0,,0,30,-4.022378574,#N/A,#N/A,,,,,
Jack Little,DET,RP,11.6,10,1,0,4.27,1.34,6,11,5,1,8,0,1,0,0,0,,0,30,-4.022378574,#N/A,#N/A,,,,,
Jake Miller,CLE,SP,10.7,8,1,0,4.73,1.46,6,11,4,2,11,0,1,0,0,0,,0,27,-4.022378574,#N/A,#N/A,,,,,
Braden Nett,ATH,SP,27.9,23,1,0,4.91,1.51,15,28,14,4,15,3,2,0,0,0,,0,26,-4.022378574,#N/A,#N/A,,,,,
Ben Bowden,ATH,RP,12.1,13,1,0,4.48,1.49,6,11,8,1,14,0,1,0,0,0,,0,27,-4.022378574,#N/A,#N/A,,,,,
Luis Guerrero,TB,RP,21.7,19,1,0,4.91,1.51,12,20,13,3,20,0,1,0,0,0,,0,27,-4.022378574,#N/A,#N/A,,,,,
Enmanuel De Jesus,DET,"SP,RP",36.4,30,1,0,4.63,1.43,19,37,16,5,34,0,1,0,0,0,,0,31,-4.022378574,#N/A,#N/A,,,,,
Gavin Collyer,TEX,RP,21.5,21,1,0,4.9,1.48,12,20,12,3,21,0,1,0,0,0,,0,30,-4.022378574,#N/A,#N/A,,,,,
Sam Long,,RP,22.5,21,1,0,4.99,1.53,13,23,12,4,22,0,2,0,0,0,,0,0,-4.022378574,#N/A,#N/A,,,,,
Anthony Molina,ATL,RP,19.7,14,1,0,5.35,1.57,12,23,8,3,11,0,1,0,0,0,,0,32,-4.022378574,#N/A,#N/A,,,,,
Jairo Iriarte,CWS,RP,12.2,10,0,0,5.24,1.66,7,12,9,2,11,0,1,0,0,0,,0,29,-4.022378574,#N/A,#N/A,,,,,
Freddy Tarnok,,"SP,RP",12.6,12,1,0,4.65,1.43,7,11,7,2,7,1,1,0,0,0,,0,0,-4.022378574,#N/A,#N/A,,,,,
Julian Merryweather,MIN,RP,8.6,8,0,0,5.29,1.5,5,9,4,1,9,0,0,0,0,0,,0,27,-4.022378574,#N/A,#N/A,,,,,
Isaiah Campbell,ARI,RP,15.8,12,1,0,4.7,1.42,8,17,6,2,13,0,1,0,0,0,,0,35,-4.022378574,#N/A,#N/A,,,,,
Victor Mederos,LAA,"SP,RP",22.3,17,1,0,4.96,1.47,12,23,10,3,19,0,1,0,0,0,,0,31,-4.022378574,#N/A,#N/A,,,,,
Nate Lavender,NYM,RP,14.2,15,1,0,4.74,1.44,8,13,8,2,14,0,1,0,0,0,,0,31,-4.022378574,#N/A,#N/A,,,,,
Zach Brzykcy,MIA,RP,15.8,15,1,0,4.91,1.55,9,15,9,2,17,0,1,0,0,0,,0,26,-4.022378574,#N/A,#N/A,,,,,
Juan Sanchez,SF,RP,14,13,1,0,4.77,1.49,7,14,7,2,14,0,1,0,0,0,,0,25,-4.022378574,#N/A,#N/A,,,,,
Carson Palmquist,COL,"SP,RP",23.7,22,1,0,5.14,1.5,14,24,12,4,18,1,2,0,0,0,,0,22,-4.022378574,#N/A,#N/A,,,,,
Gabriel Hughes,COL,SP,25.6,18,1,0,5.1,1.48,14,29,9,4,18,2,2,0,0,0,,0,23,-4.022378574,#N/A,#N/A,,,,,
Max Kranick,,RP,4.8,4,1,0,3.75,1.25,2,5,2,1,4,0,0,0,0,0,,0,0,-4.022378574,#N/A,#N/A,,,,,
Yunior Marte,CIN,RP,13.2,12,1,0,4.96,1.46,7,13,6,2,13,0,1,0,0,0,,0,29,-4.022378574,#N/A,#N/A,,,,,
Valente Bellozo,COL,"SP,RP",12.7,9,0,0,5.06,1.42,7,14,4,2,10,1,1,0,0,0,,0,24,-4.022378574,#N/A,#N/A,,,,,
Thomas Hatch,ARI,"SP,RP",15.9,12,1,0,4.92,1.45,9,17,6,2,7,0,1,0,0,0,,0,36,-4.022378574,#N/A,#N/A,,,,,
Matt Krook,ATH,RP,9.6,10,1,0,4.7,1.57,5,8,8,1,9,0,1,0,0,0,,0,28,-4.022378574,#N/A,#N/A,,,,,
Nick Hernandez,ATH,RP,8.3,9,0,0,5.03,1.41,5,8,4,1,7,0,0,0,0,0,,0,29,-4.022378574,#N/A,#N/A,,,,,
Lucas Sims,CWS,RP,16.2,16,1,0,5.18,1.54,9,14,11,2,17,0,1,0,0,0,,0,30,-4.022378574,#N/A,#N/A,,,,,
Bradley Blalock,MIA,SP,20.5,14,1,0,5.21,1.52,12,23,9,3,16,1,1,0,0,0,,0,27,-4.022378574,#N/A,#N/A,,,,,
Austin Pope,ATL,RP,8.6,9,1,0,4.72,1.57,5,9,5,1,5,0,1,0,0,0,,0,33,-4.022378574,#N/A,#N/A,,,,,
Connor Seabold,TOR,RP,12.7,11,0,0,4.88,1.41,7,13,5,2,11,0,1,0,0,0,,0,29,-4.022378574,#N/A,#N/A,,,,,
Connor Thomas,MIL,RP,9.4,7,1,0,4.79,1.49,5,11,4,2,4,1,1,0,0,0,,0,25,-4.022378574,#N/A,#N/A,,,,,
Andry Lara,WSH,RP,23.8,18,1,0,4.88,1.5,13,25,11,3,15,0,1,0,0,0,,0,32,-4.022378574,#N/A,#N/A,,,,,
Tyler Zuber,MIA,RP,11.6,12,1,0,5.43,1.55,7,12,7,2,10,0,1,0,0,0,,0,28,-4.022378574,#N/A,#N/A,,,,,
Austin Cox,,RP,16.3,15,1,0,5.25,1.57,10,17,9,3,10,0,1,0,0,0,,0,0,-4.022378574,#N/A,#N/A,,,,,
Alexander Alberto,TB,RP,13.8,11,0,0,5.26,1.63,8,14,8,2,14,0,1,0,0,0,,0,28,-4.022378574,#N/A,#N/A,,,,,
Carson Ragsdale,,"SP,RP",13.9,12,1,0,5.18,1.58,8,14,9,3,5,1,1,0,0,0,,0,0,-4.022378574,#N/A,#N/A,,,,,
Anthony Maldonado,HOU,RP,11.1,11,1,0,5.26,1.57,7,11,7,2,11,0,1,0,0,0,,0,30,-4.022378574,#N/A,#N/A,,,,,
Anthony Veneziano,,RP,15.3,13,1,0,4.71,1.6,8,16,9,2,15,1,1,0,0,0,,0,0,-4.022378574,#N/A,#N/A,,,,,
Luis Peralta,COL,RP,30.6,29,1,0,5.26,1.61,18,32,18,5,32,0,2,0,0,0,,0,25,-4.022378574,#N/A,#N/A,,,,,
Darren McCaughan,CIN,"SP,RP",11.1,9,1,0,5.28,1.44,7,13,4,3,4,1,1,0,0,0,,0,30,-4.022378574,#N/A,#N/A,,,,,
Antonio Senzatela,COL,"SP,RP",81.9,50,3,0,5.5,1.58,50,101,28,13,45,6,5,0,0,0,,0,26,-4.022378574,#N/A,#N/A,,,,,
Wilmer Flores,,SP,1.5,1,0,0,6.21,1.38,1,2,1,0,1,1,0,0,0,0,,0,0,-4.022378574,#N/A,#N/A,,,,,
Beau Burrows,PIT,RP,14.3,12,1,0,5.04,1.58,8,14,9,3,14,0,1,0,0,0,,0,27,-4.022378574,#N/A,#N/A,,,,,
Jake Woodford,TB,"SP,RP",19.2,15,1,0,5.17,1.54,11,21,9,3,11,1,1,0,0,0,,0,29,-4.022378574,#N/A,#N/A,,,,,
Davis Daniel,CIN,SP,19.3,15,1,0,5.38,1.53,12,21,9,4,6,2,2,0,0,0,,0,31,-4.022378574,#N/A,#N/A,,,,,
Omar Cruz,SD,RP,12.7,13,1,0,5.3,1.69,8,12,10,2,6,1,1,0,0,0,,0,31,-4.022378574,#N/A,#N/A,,,,,
Sean Reynolds,,RP,15.6,14,1,0,4.9,1.66,9,14,13,2,13,0,1,0,0,0,,0,0,-4.022378574,#N/A,#N/A,,,,,
Sem Robberse,STL,SP,12.3,9,1,0,5.14,1.63,7,14,7,2,10,1,1,0,0,0,,0,29,-4.022378574,#N/A,#N/A,,,,,
Jared Shuster,STL,"SP,RP",11.8,9,1,0,5.34,1.65,7,14,6,2,7,1,1,0,0,0,,0,30,-4.022378574,#N/A,#N/A,,,,,
Eduardo Salazar,MIN,RP,13.6,11,1,0,5.28,1.69,8,15,8,2,14,0,1,0,0,0,,0,28,-4.022378574,#N/A,#N/A,,,,,
Alec Marsh,KC,SP,2.3,2,0,0,3.9,1.52,1,3,1,1,1,1,0,0,0,0,,0,25,-4.022378574,237,676,,,,,
Michael Mercado,PHI,RP,7.8,7,1,0,5.22,1.74,5,8,6,1,6,0,1,0,0,0,,0,29,-4.022378574,#N/A,#N/A,,,,,
Owen White,,"SP,RP",11.8,8,1,0,5.32,1.69,7,13,8,2,6,1,1,0,0,0,,0,0,-4.022378574,#N/A,#N/A,,,,,
Hayden Durke,ARI,RP,11.8,12,1,0,4.5,1.57,6,11,8,1,12,0,1,0,0,0,,0,37,-4.022378574,#N/A,#N/A,,,,,
Nick Frasso,LAD,"SP,RP",10.7,8,1,0,5.49,1.78,7,11,8,2,11,1,1,0,0,0,,0,28,-4.022378574,#N/A,#N/A,,,,,
Shelby Miller,CHC,RP,0.5,1,0,0,0,0.98,0,1,0,0,1,0,0,0,0,0,,0,29,-4.022378574,#N/A,#N/A,,,,,
Nestor German,BAL,SP,2.2,2,0,0,4.04,1.35,1,2,1,1,1,1,0,0,0,0,,0,30,-4.022378574,#N/A,#N/A,,,,,
Levi Wells,BAL,SP,1.8,2,0,0,5.1,1.7,1,2,1,1,1,1,0,0,0,0,,0,31,-4.022378574,,,,,,,
Michael Arias,NYY,RP,12.5,13,1,0,5.77,2.04,8,12,14,2,11,0,1,0,0,0,,0,29,-4.022378574,,,,,,,
Casey Kelly,,RP,10.2,5,1,0,6.18,1.86,7,13,6,2,5,1,1,0,0,0,,0,0,-4.022378574,,,,,,,
Logan Allen,CLE,SP,121.8,98,6,0,4.56,1.41,62,125,47,17,27,22,8,0,103,0.8456486043,,103,6,-1.161032742,,,,,,,
Luis Garcia,,SP,35.6,35,2,0,4.12,1.25,16,33,12,5,22,4,2,0,38,1.06741573,,38,0,-2.966736423,,,,,,,
Luis Gastelum,STL,RP,24.3,23,1,0,3.93,1.27,11,23,8,3,24,0,1,0,0,0,,0,31,-4.022378574,,,,,,,
Caleb Kilian,SF,"SP,RP",17.1,13,1,0,4.44,1.37,8,18,6,2,16,0,1,0,0,0,,0,26,-4.022378574,,,,,,,
Hagen Danner,CIN,"C,RP",18,16,1,0,4.75,1.39,10,19,6,3,18,0,1,0,0,0,,0,32,-4.022378574,,,,,,,
Peter Lambert,HOU,"SP,RP",11.5,11,1,0,4.63,1.44,6,12,5,2,11,0,0,0,0,0,,0,31,-4.022378574,,,,,,,
Christian Montes De Oca,ARI,RP,12.2,10,1,0,4.81,1.4,7,13,5,2,5,0,1,0,0,0,,0,38,-4.022378574,,,,,,,
Tyler Schweitzer,CWS,"SP,RP",12,8,1,0,4.83,1.41,6,13,4,2,12,0,1,0,0,0,,0,31,-4.022378574,,,,,,,
Yovanny Cruz,NYY,SP,14,13,1,0,5.05,1.5,8,13,8,2,14,0,1,0,0,0,,0,30,-4.022378574,,,,,,,
Shaun Anderson,LAA,RP,13,9,1,0,5.14,1.43,7,15,4,2,13,0,1,0,0,0,,0,32,-4.022378574,,,,,,,
Tayron Guerrero,BOS,RP,29.4,25,1,0,5.04,1.54,16,32,14,4,29,0,1,0,0,0,,0,26,-4.022378574,,,,,,,
Trenton Denholm,CLE,RP,9.3,6,0,0,5.04,1.35,5,10,3,1,2,2,1,0,7,0.752688172,,7,7,-3.827918178,,,,,,,
Eric Torres,BAL,RP,6,6,0,0,4.98,1.6,3,6,4,1,6,0,0,0,0,0,,0,32,-4.022378574,,,,,,,
Jared Lyons,CIN,P,7.9,6,0,0,5.34,1.48,5,8,3,1,2,2,1,0,4,0.5063291139,,4,9,-3.911258348,,,,,,,